x-axis,1,2
second,Volt,Volt
+23.90000E-06,,
+23.92500E-06,-60.30150689E-03,-3.55954771E-03
+23.95000E-06,-60.30150689E-03,-3.55954771E-03
+23.97500E-06,-20.10050230E-03,-3.55954771E-03
+24.00000E-06,-20.10050230E-03,-5.52939693E-03
+24.02500E-06,-80.40200919E-03,+380.15074E-06
+24.05000E-06,-20.10050230E-03,+380.15074E-06
+24.07500E-06,-20.10050230E-03,-5.52939693E-03
+24.10000E-06,-20.10050230E-03,+2.34999997E-03
+24.12500E-06,+0.0E+00,-3.55954771E-03
+24.15000E-06,-80.40200919E-03,+380.15074E-06
+24.17500E-06,-20.10050230E-03,-5.52939693E-03
+24.20000E-06,+0.0E+00,-3.55954771E-03
+24.22500E-06,-20.10050230E-03,+380.15074E-06
+24.25000E-06,-20.10050230E-03,+380.15074E-06
+24.27500E-06,-140.70351608E-03,+380.15074E-06
+24.30000E-06,+0.0E+00,+2.34999997E-03
+24.32500E-06,+0.0E+00,+2.34999997E-03
+24.35000E-06,-60.30150689E-03,+380.15074E-06
+24.37500E-06,-80.40200919E-03,+2.34999997E-03
+24.40000E-06,+0.0E+00,-5.52939693E-03
+24.42500E-06,-20.10050230E-03,+380.15074E-06
+24.45000E-06,-20.10050230E-03,+380.15074E-06
+24.47500E-06,-80.40200919E-03,+2.34999997E-03
+24.50000E-06,-20.10050230E-03,+2.34999997E-03
+24.52500E-06,+20.10050230E-03,+380.15074E-06
+24.55000E-06,-60.30150689E-03,+2.34999997E-03
+24.57500E-06,-80.40200919E-03,-3.55954771E-03
+24.60000E-06,-60.30150689E-03,-3.55954771E-03
+24.62500E-06,+0.0E+00,-5.52939693E-03
+24.65000E-06,-80.40200919E-03,+2.34999997E-03
+24.67500E-06,-80.40200919E-03,+2.34999997E-03
+24.70000E-06,+0.0E+00,-3.55954771E-03
+24.72500E-06,-60.30150689E-03,+2.34999997E-03
+24.75000E-06,-80.40200919E-03,+380.15074E-06
+24.77500E-06,-80.40200919E-03,-3.55954771E-03
+24.80000E-06,+0.0E+00,-5.52939693E-03
+24.82500E-06,-60.30150689E-03,-5.52939693E-03
+24.85000E-06,-80.40200919E-03,+380.15074E-06
+24.87500E-06,+0.0E+00,+2.34999997E-03
+24.90000E-06,-20.10050230E-03,-3.55954771E-03
+24.92500E-06,+0.0E+00,+2.34999997E-03
+24.95000E-06,-80.40200919E-03,+380.15074E-06
+24.97500E-06,-60.30150689E-03,+2.34999997E-03
+25.00000E-06,-20.10050230E-03,-3.55954771E-03
+25.02500E-06,-60.30150689E-03,-5.52939693E-03
+25.05000E-06,-80.40200919E-03,+380.15074E-06
+25.07500E-06,+0.0E+00,-3.55954771E-03
+25.10000E-06,+0.0E+00,-3.55954771E-03
+25.12500E-06,-60.30150689E-03,+380.15074E-06
+25.15000E-06,-60.30150689E-03,-5.52939693E-03
+25.17500E-06,-60.30150689E-03,+380.15074E-06
+25.20000E-06,-20.10050230E-03,+2.34999997E-03
+25.22500E-06,+0.0E+00,-5.52939693E-03
+25.25000E-06,-80.40200919E-03,+2.34999997E-03
+25.27500E-06,-80.40200919E-03,+2.34999997E-03
+25.30000E-06,-20.10050229E-03,+2.34999997E-03
+25.32500E-06,+0.0E+00,-3.55954771E-03
+25.35000E-06,-60.30150689E-03,+380.15074E-06
+25.37500E-06,-20.10050229E-03,+2.34999997E-03
+25.40000E-06,-60.30150689E-03,-5.52939693E-03
+25.42500E-06,-20.10050229E-03,+380.15074E-06
+25.45000E-06,-80.40200919E-03,+2.34999997E-03
+25.47500E-06,-60.30150689E-03,+2.34999997E-03
+25.50000E-06,-80.40200919E-03,+2.34999997E-03
+25.52500E-06,+0.0E+00,+380.15074E-06
+25.55000E-06,-80.40200919E-03,+380.15074E-06
+25.57500E-06,-20.10050229E-03,-5.52939693E-03
+25.60000E-06,+0.0E+00,-5.52939693E-03
+25.62500E-06,-60.30150689E-03,+380.15074E-06
+25.65000E-06,-60.30150689E-03,+2.34999997E-03
+25.67500E-06,-80.40200919E-03,+2.34999997E-03
+25.70000E-06,-20.10050229E-03,-3.55954771E-03
+25.72500E-06,-80.40200919E-03,-3.55954771E-03
+25.75000E-06,+0.0E+00,-3.55954771E-03
+25.77500E-06,-80.40200919E-03,+2.34999997E-03
+25.80000E-06,-20.10050229E-03,-5.52939693E-03
+25.82500E-06,+0.0E+00,-1.58969848E-03
+25.85000E-06,-20.10050229E-03,+380.15074E-06
+25.87500E-06,-60.30150690E-03,-3.55954771E-03
+25.90000E-06,-20.10050229E-03,-5.52939693E-03
+25.92500E-06,-80.40200919E-03,-3.55954771E-03
+25.95000E-06,-80.40200919E-03,-5.52939693E-03
+25.97500E-06,+0.0E+00,-3.55954771E-03
+26.00000E-06,+0.0E+00,-11.43894461E-03
+26.02500E-06,+0.0E+00,-1.58969848E-03
+26.05000E-06,-80.40200919E-03,+2.34999997E-03
+26.07500E-06,-80.40200919E-03,-3.55954771E-03
+26.10000E-06,-60.30150690E-03,-5.52939693E-03
+26.12500E-06,-60.30150690E-03,-9.46909539E-03
+26.15000E-06,-80.40200919E-03,+2.34999997E-03
+26.17500E-06,+0.0E+00,+2.34999997E-03
+26.20000E-06,-80.40200919E-03,-11.43894461E-03
+26.22500E-06,-60.30150690E-03,+380.15074E-06
+26.25000E-06,-80.40200919E-03,+2.34999997E-03
+26.27500E-06,+0.0E+00,+2.34999997E-03
+26.30000E-06,+0.0E+00,-5.52939693E-03
+26.32500E-06,+0.0E+00,-5.52939693E-03
+26.35000E-06,-20.10050229E-03,+2.34999997E-03
+26.37500E-06,-80.40200919E-03,+380.15074E-06
+26.40000E-06,-60.30150690E-03,-5.52939693E-03
+26.42500E-06,-20.10050229E-03,-5.52939693E-03
+26.45000E-06,-20.10050229E-03,+2.34999997E-03
+26.47500E-06,-120.60301379E-03,+2.34999997E-03
+26.50000E-06,-20.10050229E-03,+2.34999997E-03
+26.52500E-06,-60.30150690E-03,-3.55954771E-03
+26.55000E-06,-80.40200919E-03,+2.34999997E-03
+26.57500E-06,-20.10050229E-03,+380.15074E-06
+26.60000E-06,-80.40200919E-03,-5.52939693E-03
+26.62500E-06,+0.0E+00,-7.49924616E-03
+26.65000E-06,-20.10050229E-03,+380.15074E-06
+26.67500E-06,-60.30150690E-03,+2.34999997E-03
+26.70000E-06,-20.10050229E-03,-3.55954771E-03
+26.72500E-06,-60.30150690E-03,-3.55954771E-03
+26.75000E-06,-20.10050229E-03,+2.34999997E-03
+26.77500E-06,-60.30150690E-03,+380.15074E-06
+26.80000E-06,+0.0E+00,-3.55954771E-03
+26.82500E-06,+0.0E+00,+380.15074E-06
+26.85000E-06,+0.0E+00,+2.34999997E-03
+26.87500E-06,-80.40200919E-03,+2.34999997E-03
+26.90000E-06,-80.40200919E-03,+2.34999997E-03
+26.92500E-06,-60.30150690E-03,-5.52939693E-03
+26.95000E-06,-60.30150690E-03,+2.34999997E-03
+26.97500E-06,+0.0E+00,+380.15074E-06
+27.00000E-06,+0.0E+00,+380.15074E-06
+27.02500E-06,+0.0E+00,-5.52939693E-03
+27.05000E-06,+0.0E+00,+380.15074E-06
+27.07500E-06,-80.40200919E-03,-3.55954771E-03
+27.10000E-06,-80.40200919E-03,+2.34999997E-03
+27.12500E-06,-60.30150690E-03,-5.52939693E-03
+27.15000E-06,-80.40200919E-03,+380.15074E-06
+27.17500E-06,+0.0E+00,+2.34999997E-03
+27.20000E-06,-60.30150690E-03,-11.43894461E-03
+27.22500E-06,+0.0E+00,-5.52939693E-03
+27.25000E-06,-60.30150690E-03,+2.34999997E-03
+27.27500E-06,-80.40200919E-03,+380.15074E-06
+27.30000E-06,-80.40200919E-03,-3.55954771E-03
+27.32500E-06,+0.0E+00,-5.52939693E-03
+27.35000E-06,-60.30150690E-03,+2.34999997E-03
+27.37500E-06,+0.0E+00,+2.34999997E-03
+27.40000E-06,+0.0E+00,-3.55954771E-03
+27.42500E-06,-20.10050229E-03,+380.15074E-06
+27.45000E-06,-80.40200919E-03,-3.55954771E-03
+27.47500E-06,-80.40200919E-03,+380.15074E-06
+27.50000E-06,-20.10050229E-03,-3.55954771E-03
+27.52500E-06,-60.30150690E-03,+2.34999997E-03
+27.55000E-06,+0.0E+00,+380.15074E-06
+27.57500E-06,+0.0E+00,-5.52939693E-03
+27.60000E-06,+0.0E+00,-5.52939693E-03
+27.62500E-06,-60.30150690E-03,+380.15074E-06
+27.65000E-06,-60.30150690E-03,+2.34999997E-03
+27.67500E-06,-80.40200919E-03,+2.34999997E-03
+27.70000E-06,-20.10050229E-03,+2.34999997E-03
+27.72500E-06,-60.30150690E-03,+2.34999997E-03
+27.75000E-06,-80.40200919E-03,+380.15074E-06
+27.77500E-06,-80.40200919E-03,+2.34999997E-03
+27.80000E-06,-20.10050229E-03,+380.15074E-06
+27.82500E-06,-80.40200919E-03,-5.52939693E-03
+27.85000E-06,-20.10050229E-03,-3.55954771E-03
+27.87500E-06,+0.0E+00,+2.34999997E-03
+27.90000E-06,-40.20100458E-03,-3.55954771E-03
+27.92500E-06,-20.10050229E-03,+2.34999997E-03
+27.95000E-06,-60.30150690E-03,+380.15074E-06
+27.97500E-06,+0.0E+00,+380.15074E-06
+28.00000E-06,+0.0E+00,-3.55954771E-03
+28.02500E-06,-80.40200919E-03,+380.15074E-06
+28.05000E-06,-60.30150690E-03,+2.34999997E-03
+28.07500E-06,-80.40200919E-03,-3.55954771E-03
+28.10000E-06,+0.0E+00,-5.52939693E-03
+28.12500E-06,-60.30150690E-03,-5.52939693E-03
+28.15000E-06,-80.40200919E-03,+2.34999997E-03
+28.17500E-06,+0.0E+00,+2.34999997E-03
+28.20000E-06,-60.30150690E-03,-5.52939693E-03
+28.22500E-06,+0.0E+00,-7.49924616E-03
+28.25000E-06,+0.0E+00,-3.55954771E-03
+28.27500E-06,-140.70351609E-03,+2.34999997E-03
+28.30000E-06,-40.20100458E-03,-3.55954771E-03
+28.32500E-06,-80.40200919E-03,-3.55954771E-03
+28.35000E-06,+0.0E+00,+380.15074E-06
+28.37500E-06,-20.10050229E-03,+2.34999997E-03
+28.40000E-06,+0.0E+00,-5.52939693E-03
+28.42500E-06,-80.40200919E-03,-1.58969848E-03
+28.45000E-06,-80.40200919E-03,+2.34999997E-03
+28.47500E-06,-80.40200919E-03,+2.34999997E-03
+28.50000E-06,-20.10050229E-03,-3.55954771E-03
+28.52500E-06,-60.30150690E-03,-3.55954771E-03
+28.55000E-06,-60.30150690E-03,+380.15074E-06
+28.57500E-06,-20.10050229E-03,-5.52939693E-03
+28.60000E-06,-80.40200919E-03,-5.52939693E-03
+28.62500E-06,-60.30150690E-03,+380.15074E-06
+28.65000E-06,-20.10050229E-03,+6.28969842E-03
+28.67500E-06,-80.40200919E-03,+2.34999997E-03
+28.70000E-06,+0.0E+00,+2.34999997E-03
+28.72500E-06,-60.30150690E-03,+2.34999997E-03
+28.75000E-06,+0.0E+00,+2.34999997E-03
+28.77500E-06,+0.0E+00,+2.34999997E-03
+28.80000E-06,-80.40200919E-03,-5.52939693E-03
+28.82500E-06,-20.10050229E-03,-5.52939693E-03
+28.85000E-06,+0.0E+00,+2.34999997E-03
+28.87500E-06,-80.40200919E-03,-3.55954771E-03
+28.90000E-06,-100.50251148E-03,+2.34999997E-03
+28.92500E-06,+0.0E+00,-3.55954771E-03
+28.95000E-06,-80.40200919E-03,+380.15074E-06
+28.97500E-06,-20.10050229E-03,+2.34999997E-03
+29.00000E-06,+0.0E+00,-3.55954771E-03
+29.02500E-06,+0.0E+00,-5.52939693E-03
+29.05000E-06,+0.0E+00,+2.34999997E-03
+29.07500E-06,-60.30150690E-03,-3.55954771E-03
+29.10000E-06,-80.40200919E-03,-3.55954771E-03
+29.12500E-06,-80.40200919E-03,+2.34999997E-03
+29.15000E-06,-80.40200919E-03,+380.15074E-06
+29.17500E-06,+0.0E+00,-5.52939693E-03
+29.20000E-06,-60.30150690E-03,-5.52939693E-03
+29.22500E-06,+0.0E+00,-5.52939693E-03
+29.25000E-06,-20.10050229E-03,-5.52939693E-03
+29.27500E-06,-80.40200919E-03,-3.55954771E-03
+29.30000E-06,+0.0E+00,-3.55954771E-03
+29.32500E-06,+0.0E+00,-5.52939693E-03
+29.35000E-06,-60.30150690E-03,-5.52939693E-03
+29.37500E-06,-80.40200919E-03,+2.34999997E-03
+29.40000E-06,+0.0E+00,-3.55954771E-03
+29.42500E-06,+0.0E+00,+380.15074E-06
+29.45000E-06,+0.0E+00,+380.15074E-06
+29.47500E-06,-60.30150690E-03,+2.34999997E-03
+29.50000E-06,-20.10050229E-03,+2.34999997E-03
+29.52500E-06,+0.0E+00,-3.55954771E-03
+29.55000E-06,-80.40200919E-03,+380.15074E-06
+29.57500E-06,-20.10050229E-03,-3.55954771E-03
+29.60000E-06,-80.40200919E-03,-3.55954771E-03
+29.62500E-06,+0.0E+00,+380.15074E-06
+29.65000E-06,-60.30150690E-03,+380.15074E-06
+29.67500E-06,+0.0E+00,+2.34999997E-03
+29.70000E-06,+0.0E+00,+2.34999997E-03
+29.72500E-06,+0.0E+00,+380.15074E-06
+29.75000E-06,-60.30150690E-03,-3.55954771E-03
+29.77500E-06,+0.0E+00,+2.34999997E-03
+29.80000E-06,+0.0E+00,-5.52939693E-03
+29.82500E-06,+0.0E+00,-5.52939693E-03
+29.85000E-06,-80.40200919E-03,+2.34999997E-03
+29.87500E-06,-80.40200919E-03,+2.34999997E-03
+29.90000E-06,-20.10050229E-03,+380.15074E-06
+29.92500E-06,-60.30150690E-03,-5.52939693E-03
+29.95000E-06,-80.40200919E-03,+2.34999997E-03
+29.97500E-06,-60.30150690E-03,+2.34999997E-03
+30.00000E-06,-80.40200919E-03,-3.55954771E-03
+30.02500E-06,-80.40200919E-03,+380.15074E-06
+30.05000E-06,-20.10050229E-03,+2.34999997E-03
+30.07500E-06,-80.40200919E-03,+2.34999997E-03
+30.10000E-06,-20.10050229E-03,+380.15074E-06
+30.12500E-06,+0.0E+00,-5.52939693E-03
+30.15000E-06,-80.40200919E-03,+380.15074E-06
+30.17500E-06,+0.0E+00,-3.55954771E-03
+30.20000E-06,+0.0E+00,-3.55954771E-03
+30.22500E-06,-20.10050229E-03,+380.15074E-06
+30.25000E-06,+0.0E+00,+380.15074E-06
+30.27500E-06,-80.40200919E-03,+380.15074E-06
+30.30000E-06,-40.20100457E-03,+2.34999997E-03
+30.32500E-06,-60.30150690E-03,-3.55954771E-03
+30.35000E-06,-80.40200919E-03,+380.15074E-06
+30.37500E-06,-20.10050228E-03,-3.55954771E-03
+30.40000E-06,-60.30150690E-03,-5.52939693E-03
+30.42500E-06,-80.40200919E-03,-7.49924616E-03
+30.45000E-06,-20.10050228E-03,+380.15074E-06
+30.47500E-06,-80.40200919E-03,+2.34999997E-03
+30.50000E-06,+0.0E+00,+2.34999997E-03
+30.52500E-06,-20.10050228E-03,-3.55954771E-03
+30.55000E-06,-80.40200919E-03,+380.15074E-06
+30.57500E-06,+0.0E+00,+2.34999997E-03
+30.60000E-06,+0.0E+00,-3.55954771E-03
+30.62500E-06,+0.0E+00,+2.34999997E-03
+30.65000E-06,+0.0E+00,+2.34999997E-03
+30.67500E-06,+0.0E+00,-3.55954771E-03
+30.70000E-06,-80.40200919E-03,-3.55954771E-03
+30.72500E-06,-60.30150691E-03,+2.34999997E-03
+30.75000E-06,-20.10050228E-03,-5.52939693E-03
+30.77500E-06,+0.0E+00,-3.55954771E-03
+30.80000E-06,+0.0E+00,-3.55954771E-03
+30.82500E-06,-60.30150691E-03,+380.15074E-06
+30.85000E-06,-80.40200919E-03,-3.55954771E-03
+30.87500E-06,-60.30150691E-03,-3.55954771E-03
+30.90000E-06,-20.10050228E-03,+380.15074E-06
+30.92500E-06,-60.30150691E-03,+2.34999997E-03
+30.95000E-06,-60.30150691E-03,-5.52939693E-03
+30.97500E-06,-20.10050228E-03,-5.52939693E-03
+31.00000E-06,+0.0E+00,-3.55954771E-03
+31.02500E-06,-60.30150691E-03,-5.52939693E-03
+31.05000E-06,-60.30150691E-03,+380.15074E-06
+31.07500E-06,-80.40200919E-03,-5.52939693E-03
+31.10000E-06,-20.10050228E-03,+2.34999997E-03
+31.12500E-06,-60.30150691E-03,-3.55954771E-03
+31.15000E-06,-80.40200919E-03,+2.34999997E-03
+31.17500E-06,-80.40200919E-03,-3.55954771E-03
+31.20000E-06,+0.0E+00,-3.55954771E-03
+31.22500E-06,+0.0E+00,+380.15074E-06
+31.25000E-06,-60.30150691E-03,-5.52939693E-03
+31.27500E-06,-80.40200919E-03,+380.15074E-06
+31.30000E-06,-20.10050228E-03,-3.55954771E-03
+31.32500E-06,-60.30150691E-03,-3.55954771E-03
+31.35000E-06,-80.40200919E-03,+380.15074E-06
+31.37500E-06,-80.40200919E-03,+2.34999997E-03
+31.40000E-06,-60.30150691E-03,-5.52939693E-03
+31.42500E-06,-20.10050228E-03,+380.15074E-06
+31.45000E-06,-80.40200919E-03,+380.15074E-06
+31.47500E-06,+0.0E+00,+2.34999997E-03
+31.50000E-06,+0.0E+00,+2.34999997E-03
+31.52500E-06,-60.30150691E-03,-5.52939693E-03
+31.55000E-06,-80.40200919E-03,+2.34999997E-03
+31.57500E-06,-20.10050228E-03,-3.55954771E-03
+31.60000E-06,-60.30150691E-03,-3.55954771E-03
+31.62500E-06,-80.40200919E-03,-5.52939693E-03
+31.65000E-06,-80.40200919E-03,+380.15074E-06
+31.67500E-06,+0.0E+00,+380.15074E-06
+31.70000E-06,-20.10050228E-03,-5.52939693E-03
+31.72500E-06,-80.40200919E-03,-5.52939693E-03
+31.75000E-06,-80.40200919E-03,+2.34999997E-03
+31.77500E-06,-80.40200919E-03,+2.34999997E-03
+31.80000E-06,-60.30150691E-03,-3.55954771E-03
+31.82500E-06,-60.30150691E-03,-5.52939693E-03
+31.85000E-06,-60.30150691E-03,-3.55954771E-03
+31.87500E-06,-20.10050228E-03,-3.55954771E-03
+31.90000E-06,-20.10050228E-03,+2.34999997E-03
+31.92500E-06,+0.0E+00,-5.52939693E-03
+31.95000E-06,-60.30150691E-03,+380.15074E-06
+31.97500E-06,+0.0E+00,+2.34999997E-03
+32.00000E-06,+0.0E+00,-5.52939693E-03
+32.02500E-06,+0.0E+00,-7.49924616E-03
+32.05000E-06,-20.10050228E-03,+2.34999997E-03
+32.07500E-06,-80.40200919E-03,-5.52939693E-03
+32.10000E-06,-20.10050228E-03,+2.34999997E-03
+32.12500E-06,-60.30150691E-03,-3.55954771E-03
+32.15000E-06,-80.40200919E-03,+380.15074E-06
+32.17500E-06,-20.10050228E-03,+2.34999997E-03
+32.20000E-06,-80.40200919E-03,-3.55954771E-03
+32.22500E-06,-80.40200919E-03,-5.52939693E-03
+32.25000E-06,+0.0E+00,+4.31984919E-03
+32.27500E-06,-80.40200919E-03,+2.34999997E-03
+32.30000E-06,-20.10050228E-03,+380.15074E-06
+32.32500E-06,-80.40200919E-03,-5.52939693E-03
+32.35000E-06,-20.10050228E-03,+380.15074E-06
+32.37500E-06,+0.0E+00,+2.34999997E-03
+32.40000E-06,+0.0E+00,-5.52939693E-03
+32.42500E-06,-60.30150691E-03,-5.52939693E-03
+32.45000E-06,+0.0E+00,+2.34999997E-03
+32.47500E-06,-60.30150691E-03,+2.34999997E-03
+32.50000E-06,+0.0E+00,+380.15074E-06
+32.52500E-06,-60.30150691E-03,-3.55954771E-03
+32.55000E-06,-80.40200919E-03,+380.15074E-06
+32.57500E-06,-80.40200919E-03,-3.55954771E-03
+32.60000E-06,+0.0E+00,-5.52939693E-03
+32.62500E-06,-60.30150691E-03,-5.52939693E-03
+32.65000E-06,-20.10050228E-03,-3.55954771E-03
+32.67500E-06,-20.10050228E-03,+2.34999997E-03
+32.70000E-06,-20.10050228E-03,+2.34999997E-03
+32.72500E-06,+0.0E+00,+2.34999997E-03
+32.75000E-06,-80.40200919E-03,-5.52939693E-03
+32.77500E-06,-80.40200919E-03,-3.55954771E-03
+32.80000E-06,-60.30150691E-03,-3.55954771E-03
+32.82500E-06,+0.0E+00,+380.15074E-06
+32.85000E-06,-80.40200919E-03,+380.15074E-06
+32.87500E-06,-120.60301382E-03,-3.55954771E-03
+32.90000E-06,-60.30150691E-03,+380.15074E-06
+32.92500E-06,-60.30150691E-03,-5.52939693E-03
+32.95000E-06,-60.30150691E-03,+380.15074E-06
+32.97500E-06,-20.10050228E-03,-5.52939693E-03
+33.00000E-06,-60.30150691E-03,-3.55954771E-03
+33.02500E-06,-60.30150691E-03,+380.15074E-06
+33.05000E-06,-80.40200919E-03,+380.15074E-06
+33.07500E-06,-20.10050228E-03,+2.34999997E-03
+33.10000E-06,-20.10050228E-03,-5.52939693E-03
+33.12500E-06,-60.30150691E-03,-3.55954771E-03
+33.15000E-06,-60.30150691E-03,-5.52939693E-03
+33.17500E-06,-20.10050228E-03,+2.34999997E-03
+33.20000E-06,+0.0E+00,-5.52939693E-03
+33.22500E-06,+0.0E+00,+380.15074E-06
+33.25000E-06,-60.30150691E-03,+2.34999997E-03
+33.27500E-06,-140.70351610E-03,+2.34999997E-03
+33.30000E-06,-100.50251147E-03,+2.34999997E-03
+33.32500E-06,-60.30150691E-03,+380.15074E-06
+33.35000E-06,-60.30150691E-03,+380.15074E-06
+33.37500E-06,-20.10050228E-03,+2.34999997E-03
+33.40000E-06,+0.0E+00,-5.52939693E-03
+33.42500E-06,-60.30150691E-03,-5.52939693E-03
+33.45000E-06,-80.40200919E-03,+380.15074E-06
+33.47500E-06,-80.40200919E-03,-5.52939693E-03
+33.50000E-06,-20.10050228E-03,-3.55954771E-03
+33.52500E-06,-60.30150691E-03,-3.55954771E-03
+33.55000E-06,-60.30150691E-03,+380.15074E-06
+33.57500E-06,+0.0E+00,-5.52939693E-03
+33.60000E-06,+0.0E+00,-3.55954771E-03
+33.62500E-06,+0.0E+00,-5.52939693E-03
+33.65000E-06,+0.0E+00,+380.15074E-06
+33.67500E-06,-60.30150691E-03,+2.34999997E-03
+33.70000E-06,-20.10050228E-03,+2.34999997E-03
+33.72500E-06,-80.40200919E-03,+2.34999997E-03
+33.75000E-06,-20.10050228E-03,+2.34999997E-03
+33.77500E-06,-60.30150691E-03,+2.34999997E-03
+33.80000E-06,+0.0E+00,-5.52939693E-03
+33.82500E-06,+0.0E+00,+380.15074E-06
+33.85000E-06,-80.40200919E-03,+380.15074E-06
+33.87500E-06,-80.40200919E-03,+2.34999997E-03
+33.90000E-06,-80.40200919E-03,-5.52939693E-03
+33.92500E-06,+0.0E+00,-5.52939693E-03
+33.95000E-06,-20.10050228E-03,-5.52939693E-03
+33.97500E-06,-20.10050228E-03,-3.55954771E-03
+34.00000E-06,-60.30150691E-03,-5.52939693E-03
+34.02500E-06,+0.0E+00,-7.49924616E-03
+34.05000E-06,-20.10050228E-03,-3.55954771E-03
+34.07500E-06,-140.70351610E-03,+2.34999997E-03
+34.10000E-06,-80.40200919E-03,-3.55954771E-03
+34.12500E-06,+20.10050228E-03,-3.55954771E-03
+34.15000E-06,+0.0E+00,+2.34999997E-03
+34.17500E-06,+0.0E+00,+2.34999997E-03
+34.20000E-06,+0.0E+00,-3.55954771E-03
+34.22500E-06,-80.40200919E-03,+380.15074E-06
+34.25000E-06,-80.40200919E-03,+2.34999997E-03
+34.27500E-06,-20.10050228E-03,+380.15074E-06
+34.30000E-06,-80.40200919E-03,+2.34999997E-03
+34.32500E-06,+0.0E+00,-3.55954771E-03
+34.35000E-06,-60.30150691E-03,+2.34999997E-03
+34.37500E-06,-20.10050228E-03,+2.34999997E-03
+34.40000E-06,-60.30150691E-03,-3.55954771E-03
+34.42500E-06,+0.0E+00,-5.52939693E-03
+34.45000E-06,-80.40200919E-03,+2.34999997E-03
+34.47500E-06,-80.40200919E-03,+2.34999997E-03
+34.50000E-06,-20.10050228E-03,+2.34999997E-03
+34.52500E-06,+0.0E+00,+2.34999997E-03
+34.55000E-06,-80.40200919E-03,+2.34999997E-03
+34.57500E-06,-20.10050228E-03,+2.34999997E-03
+34.60000E-06,-20.10050228E-03,+2.34999997E-03
+34.62500E-06,+0.0E+00,-5.52939693E-03
+34.65000E-06,-80.40200919E-03,+380.15074E-06
+34.67500E-06,-60.30150691E-03,+2.34999997E-03
+34.70000E-06,-80.40200919E-03,+380.15074E-06
+34.72500E-06,-60.30150691E-03,-5.52939693E-03
+34.75000E-06,-60.30150691E-03,-3.55954771E-03
+34.77500E-06,-20.10050228E-03,+2.34999997E-03
+34.80000E-06,+0.0E+00,-11.43894461E-03
+34.82500E-06,-60.30150691E-03,-7.49924616E-03
+34.85000E-06,-60.30150691E-03,-5.52939693E-03
+34.87500E-06,-80.40200919E-03,+2.34999997E-03
+34.90000E-06,-80.40200919E-03,+2.34999997E-03
+34.92500E-06,+0.0E+00,-3.55954771E-03
+34.95000E-06,-20.10050228E-03,+2.34999997E-03
+34.97500E-06,+0.0E+00,+2.34999997E-03
+35.00000E-06,+0.0E+00,-3.55954771E-03
+35.02500E-06,+0.0E+00,+380.15074E-06
+35.05000E-06,-60.30150691E-03,+380.15074E-06
+35.07500E-06,-20.10050228E-03,-5.52939693E-03
+35.10000E-06,-60.30150691E-03,+2.34999997E-03
+35.12500E-06,-60.30150691E-03,-3.55954771E-03
+35.15000E-06,+0.0E+00,+2.34999997E-03
+35.17500E-06,-60.30150691E-03,-3.55954771E-03
+35.20000E-06,-20.10050228E-03,-3.55954771E-03
+35.22500E-06,+0.0E+00,-7.49924616E-03
+35.25000E-06,-80.40200919E-03,+2.34999997E-03
+35.27500E-06,-20.10050228E-03,-3.55954771E-03
+35.30000E-06,-20.10050228E-03,+2.34999997E-03
+35.32500E-06,-20.10050228E-03,-5.52939693E-03
+35.35000E-06,-20.10050228E-03,+380.15074E-06
+35.37500E-06,-20.10050228E-03,-3.55954771E-03
+35.40000E-06,-60.30150691E-03,-3.55954771E-03
+35.42500E-06,-60.30150691E-03,+380.15074E-06
+35.45000E-06,+0.0E+00,+380.15074E-06
+35.47500E-06,-80.40200919E-03,+2.34999997E-03
+35.50000E-06,+0.0E+00,+380.15074E-06
+35.52500E-06,-20.10050227E-03,-5.52939693E-03
+35.55000E-06,-60.30150691E-03,-5.52939693E-03
+35.57500E-06,+0.0E+00,-3.55954771E-03
+35.60000E-06,+0.0E+00,-5.52939693E-03
+35.62500E-06,-80.40200919E-03,-1.58969848E-03
+35.65000E-06,-80.40200919E-03,+380.15074E-06
+35.67500E-06,+0.0E+00,+2.34999997E-03
+35.70000E-06,-20.10050227E-03,+2.34999997E-03
+35.72500E-06,-60.30150691E-03,-3.55954771E-03
+35.75000E-06,-80.40200919E-03,-7.49924616E-03
+35.77500E-06,-20.10050227E-03,+380.15074E-06
+35.80000E-06,+0.0E+00,-3.55954771E-03
+35.82500E-06,-20.10050227E-03,-5.52939693E-03
+35.85000E-06,-80.40200919E-03,+2.34999997E-03
+35.87500E-06,-20.10050227E-03,+2.34999997E-03
+35.90000E-06,-100.50251146E-03,+380.15074E-06
+35.92500E-06,-20.10050227E-03,-3.55954771E-03
+35.95000E-06,-60.30150692E-03,+380.15074E-06
+35.97500E-06,+0.0E+00,+380.15074E-06
+36.00000E-06,-80.40200919E-03,-9.46909539E-03
+36.02500E-06,-60.30150692E-03,+380.15074E-06
+36.05000E-06,-80.40200919E-03,+2.34999997E-03
+36.07500E-06,-60.30150692E-03,-5.52939693E-03
+36.10000E-06,-80.40200919E-03,+2.34999997E-03
+36.12500E-06,+0.0E+00,+2.34999997E-03
+36.15000E-06,-60.30150692E-03,-3.55954771E-03
+36.17500E-06,-20.10050227E-03,+2.34999997E-03
+36.20000E-06,-20.10050227E-03,-3.55954771E-03
+36.22500E-06,-60.30150692E-03,-5.52939693E-03
+36.25000E-06,-80.40200919E-03,+2.34999997E-03
+36.27500E-06,-80.40200919E-03,+2.34999997E-03
+36.30000E-06,-20.10050227E-03,-5.52939693E-03
+36.32500E-06,+0.0E+00,+2.34999997E-03
+36.35000E-06,-60.30150692E-03,+2.34999997E-03
+36.37500E-06,-80.40200919E-03,-3.55954771E-03
+36.40000E-06,-60.30150692E-03,-5.52939693E-03
+36.42500E-06,-60.30150692E-03,+380.15074E-06
+36.45000E-06,-20.10050227E-03,+380.15074E-06
+36.47500E-06,+0.0E+00,+380.15074E-06
+36.50000E-06,-20.10050227E-03,-3.55954771E-03
+36.52500E-06,-60.30150692E-03,-5.52939693E-03
+36.55000E-06,-80.40200919E-03,+2.34999997E-03
+36.57500E-06,-80.40200919E-03,+2.34999997E-03
+36.60000E-06,-20.10050227E-03,-3.55954771E-03
+36.62500E-06,-80.40200919E-03,+380.15074E-06
+36.65000E-06,-60.30150692E-03,+380.15074E-06
+36.67500E-06,-60.30150692E-03,+2.34999997E-03
+36.70000E-06,+0.0E+00,-3.55954771E-03
+36.72500E-06,-60.30150692E-03,-3.55954771E-03
+36.75000E-06,-60.30150692E-03,+380.15074E-06
+36.77500E-06,+0.0E+00,-3.55954771E-03
+36.80000E-06,-20.10050227E-03,-3.55954771E-03
+36.82500E-06,-80.40200919E-03,-5.52939693E-03
+36.85000E-06,-80.40200919E-03,+2.34999997E-03
+36.87500E-06,-20.10050227E-03,-3.55954771E-03
+36.90000E-06,-20.10050227E-03,-3.55954771E-03
+36.92500E-06,+60.30150692E-03,+2.34999997E-03
+36.95000E-06,+0.0E+00,+2.34999997E-03
+36.97500E-06,-20.10050227E-03,-5.52939693E-03
+37.00000E-06,-60.30150692E-03,-3.55954771E-03
+37.02500E-06,+0.0E+00,-3.55954771E-03
+37.05000E-06,+0.0E+00,+2.34999997E-03
+37.07500E-06,-140.70351611E-03,+2.34999997E-03
+37.10000E-06,-80.40200919E-03,+2.34999997E-03
+37.12500E-06,-60.30150692E-03,-3.55954771E-03
+37.15000E-06,-20.10050227E-03,+380.15074E-06
+37.17500E-06,+0.0E+00,+2.34999997E-03
+37.20000E-06,-20.10050227E-03,-3.55954771E-03
+37.22500E-06,-60.30150692E-03,+380.15074E-06
+37.25000E-06,-80.40200919E-03,+2.34999997E-03
+37.27500E-06,-80.40200919E-03,+2.34999997E-03
+37.30000E-06,-20.10050227E-03,+2.34999997E-03
+37.32500E-06,-80.40200919E-03,+2.34999997E-03
+37.35000E-06,-80.40200919E-03,-5.52939693E-03
+37.37500E-06,-80.40200919E-03,+2.34999997E-03
+37.40000E-06,-20.10050227E-03,-3.55954771E-03
+37.42500E-06,+0.0E+00,-5.52939693E-03
+37.45000E-06,-20.10050227E-03,+380.15074E-06
+37.47500E-06,+0.0E+00,+2.34999997E-03
+37.50000E-06,-80.40200919E-03,+2.34999997E-03
+37.52500E-06,-80.40200919E-03,+2.34999997E-03
+37.55000E-06,-60.30150692E-03,+2.34999997E-03
+37.57500E-06,+0.0E+00,-3.55954771E-03
+37.60000E-06,+0.0E+00,-5.52939693E-03
+37.62500E-06,+0.0E+00,-5.52939693E-03
+37.65000E-06,+0.0E+00,-3.55954771E-03
+37.67500E-06,+0.0E+00,-3.55954771E-03
+37.70000E-06,-20.10050227E-03,+2.34999997E-03
+37.72500E-06,-20.10050227E-03,-5.52939693E-03
+37.75000E-06,-80.40200919E-03,+380.15074E-06
+37.77500E-06,+0.0E+00,+2.34999997E-03
+37.80000E-06,+0.0E+00,-3.55954771E-03
+37.82500E-06,-20.10050227E-03,-5.52939693E-03
+37.85000E-06,-20.10050227E-03,+2.34999997E-03
+37.87500E-06,+0.0E+00,+2.34999997E-03
+37.90000E-06,+0.0E+00,-3.55954771E-03
+37.92500E-06,+0.0E+00,+380.15074E-06
+37.95000E-06,-60.30150692E-03,+2.34999997E-03
+37.97500E-06,-80.40200919E-03,-5.52939693E-03
+38.00000E-06,+60.30150692E-03,-11.43894461E-03
+38.02500E-06,-60.30150692E-03,+380.15074E-06
+38.05000E-06,-60.30150692E-03,+380.15074E-06
+38.07500E-06,-80.40200919E-03,-3.55954771E-03
+38.10000E-06,-20.10050227E-03,+380.15074E-06
+38.12500E-06,+0.0E+00,-5.52939693E-03
+38.15000E-06,-80.40200919E-03,+380.15074E-06
+38.17500E-06,-20.10050227E-03,-3.55954771E-03
+38.20000E-06,-20.10050227E-03,-3.55954771E-03
+38.22500E-06,+20.10050227E-03,+380.15074E-06
+38.25000E-06,-60.30150692E-03,-5.52939693E-03
+38.27500E-06,-80.40200919E-03,+2.34999997E-03
+38.30000E-06,-80.40200919E-03,-5.52939693E-03
+38.32500E-06,-60.30150692E-03,+380.15074E-06
+38.35000E-06,+0.0E+00,+380.15074E-06
+38.37500E-06,-20.10050227E-03,-5.52939693E-03
+38.40000E-06,-80.40200919E-03,-5.52939693E-03
+38.42500E-06,-80.40200919E-03,-5.52939693E-03
+38.45000E-06,+60.30150692E-03,+2.34999997E-03
+38.47500E-06,-60.30150692E-03,-3.55954771E-03
+38.50000E-06,-80.40200919E-03,+2.34999997E-03
+38.52500E-06,+0.0E+00,-3.55954771E-03
+38.55000E-06,+0.0E+00,+2.34999997E-03
+38.57500E-06,+0.0E+00,-3.55954771E-03
+38.60000E-06,-80.40200919E-03,-5.52939693E-03
+38.62500E-06,-80.40200919E-03,-5.52939693E-03
+38.65000E-06,+0.0E+00,-5.52939693E-03
+38.67500E-06,+0.0E+00,-5.52939693E-03
+38.70000E-06,-20.10050227E-03,+2.34999997E-03
+38.72500E-06,-80.40200919E-03,-5.52939693E-03
+38.75000E-06,+0.0E+00,+380.15074E-06
+38.77500E-06,+0.0E+00,+380.15074E-06
+38.80000E-06,+0.0E+00,-3.55954771E-03
+38.82500E-06,-80.40200919E-03,+2.34999997E-03
+38.85000E-06,-60.30150692E-03,+380.15074E-06
+38.87500E-06,-20.10050227E-03,-3.55954771E-03
+38.90000E-06,-20.10050227E-03,+2.34999997E-03
+38.92500E-06,-60.30150692E-03,+2.34999997E-03
+38.95000E-06,-80.40200919E-03,-5.52939693E-03
+38.97500E-06,-20.10050227E-03,-5.52939693E-03
+39.00000E-06,+80.40200919E-03,-5.52939693E-03
+39.02500E-06,+0.0E+00,-5.52939693E-03
+39.05000E-06,-80.40200919E-03,+380.15074E-06
+39.07500E-06,-140.70351611E-03,+380.15074E-06
+39.10000E-06,+40.20100465E-03,+4.31984919E-03
+39.12500E-06,+0.0E+00,-3.55954771E-03
+39.15000E-06,-60.30150692E-03,+380.15074E-06
+39.17500E-06,-80.40200919E-03,+2.34999997E-03
+39.20000E-06,-20.10050227E-03,-3.55954771E-03
+39.22500E-06,+0.0E+00,-1.58969848E-03
+39.25000E-06,-20.10050227E-03,+2.34999997E-03
+39.27500E-06,-80.40200919E-03,+380.15074E-06
+39.30000E-06,-100.50251146E-03,-5.52939693E-03
+39.32500E-06,+0.0E+00,-5.52939693E-03
+39.35000E-06,+20.10050227E-03,+6.28969842E-03
+39.37500E-06,-100.50251146E-03,+2.34999997E-03
+39.40000E-06,-140.70351611E-03,-3.55954771E-03
+39.42500E-06,-20.10050227E-03,+380.15074E-06
+39.45000E-06,+0.0E+00,+380.15074E-06
+39.47500E-06,-60.30150692E-03,-3.55954771E-03
+39.50000E-06,-100.50251146E-03,-5.52939693E-03
+39.52500E-06,-80.40200919E-03,-3.55954771E-03
+39.55000E-06,+60.30150692E-03,+380.15074E-06
+39.57500E-06,+0.0E+00,+2.34999997E-03
+39.60000E-06,-80.40200919E-03,-5.52939693E-03
+39.62500E-06,-160.80401838E-03,-7.49924616E-03
+39.65000E-06,+0.0E+00,+380.15074E-06
+39.67500E-06,+80.40200919E-03,-3.55954771E-03
+39.70000E-06,-60.30150692E-03,+2.34999997E-03
+39.72500E-06,-160.80401838E-03,-5.52939693E-03
+39.75000E-06,-60.30150692E-03,+380.15074E-06
+39.77500E-06,+60.30150692E-03,+2.34999997E-03
+39.80000E-06,+0.0E+00,-3.55954771E-03
+39.82500E-06,-140.70351611E-03,-5.52939693E-03
+39.85000E-06,-100.50251146E-03,-5.52939693E-03
+39.87500E-06,+0.0E+00,+2.34999997E-03
+39.90000E-06,+60.30150692E-03,+2.34999997E-03
+39.92500E-06,-60.30150692E-03,-3.55954771E-03
+39.95000E-06,-160.80401838E-03,+380.15074E-06
+39.97500E-06,+0.0E+00,+2.34999997E-03
+40.00000E-06,+140.70351611E-03,-5.52939693E-03
+40.02500E-06,+20.10050227E-03,-5.52939693E-03
+40.05000E-06,-140.70351611E-03,-3.55954771E-03
+40.07500E-06,-160.80401838E-03,+2.34999997E-03
+40.10000E-06,+0.0E+00,+2.34999997E-03
+40.12500E-06,+80.40200919E-03,-3.55954771E-03
+40.15000E-06,-80.40200919E-03,-5.52939693E-03
+40.17500E-06,-160.80401838E-03,+2.34999997E-03
+40.20000E-06,+0.0E+00,-5.52939693E-03
+40.22500E-06,+100.50251145E-03,+380.15074E-06
+40.25000E-06,-60.30150692E-03,+380.15074E-06
+40.27500E-06,-221.10552530E-03,+2.34999997E-03
+40.30000E-06,-120.60301372E-03,+380.15074E-06
+40.32500E-06,+80.40200919E-03,+380.15074E-06
+40.35000E-06,+100.50251145E-03,-1.58969848E-03
+40.37500E-06,-160.80401838E-03,+2.34999997E-03
+40.40000E-06,-221.10552530E-03,-11.43894461E-03
+40.42500E-06,-20.10050227E-03,+380.15074E-06
+40.45000E-06,+100.50251145E-03,+380.15074E-06
+40.47500E-06,-60.30150692E-03,+2.34999997E-03
+40.50000E-06,-241.20602757E-03,+380.15074E-06
+40.52500E-06,-120.60301372E-03,-3.55954771E-03
+40.55000E-06,+80.40200919E-03,+380.15074E-06
+40.57500E-06,+20.10050227E-03,-3.55954771E-03
+40.60000E-06,-100.50251145E-03,-5.52939693E-03
+40.62500E-06,-241.20602757E-03,+380.15074E-06
+40.65000E-06,+60.30150692E-03,+2.34999997E-03
+40.67500E-06,+100.50251145E-03,-3.55954771E-03
+40.70000E-06,-60.30150692E-03,-5.52939693E-03
+40.72500E-06,-241.20602757E-03,-3.55954771E-03
+40.75000E-06,-100.50251145E-03,+380.15074E-06
+40.77500E-06,+100.50251145E-03,+2.34999997E-03
+40.80000E-06,+80.40200919E-03,-3.55954771E-03
+40.82500E-06,-241.20602757E-03,-5.52939693E-03
+40.85000E-06,-261.30652983E-03,-3.55954771E-03
+40.87500E-06,+60.30150692E-03,+2.34999997E-03
+40.90000E-06,+160.80401838E-03,+2.34999997E-03
+40.92500E-06,-60.30150692E-03,-5.52939693E-03
+40.95000E-06,-321.60803676E-03,-3.55954771E-03
+40.97500E-06,-20.10050226E-03,+2.34999997E-03
+41.00000E-06,+160.80401838E-03,-5.52939693E-03
+41.02500E-06,+20.10050226E-03,+380.15074E-06
+41.05000E-06,-241.20602757E-03,-3.55954771E-03
+41.07500E-06,-241.20602757E-03,-3.55954771E-03
+41.10000E-06,+140.70351611E-03,-5.52939693E-03
+41.12500E-06,+160.80401838E-03,-3.55954771E-03
+41.15000E-06,-140.70351611E-03,-3.55954771E-03
+41.17500E-06,-261.30652983E-03,-3.55954771E-03
+41.20000E-06,-40.20100453E-03,-5.52939693E-03
+41.22500E-06,+241.20602757E-03,+380.15074E-06
+41.25000E-06,+20.10050226E-03,-5.52939693E-03
+41.27500E-06,-341.70853916E-03,+2.34999997E-03
+41.30000E-06,-201.00502290E-03,-3.55954771E-03
+41.32500E-06,+221.10552530E-03,+2.34999997E-03
+41.35000E-06,+120.60301372E-03,-5.52939693E-03
+41.37500E-06,-160.80401838E-03,+2.34999997E-03
+41.40000E-06,-321.60803676E-03,-3.55954771E-03
+41.42500E-06,+0.0E+00,+380.15074E-06
+41.45000E-06,+321.60803676E-03,+380.15074E-06
+41.47500E-06,-60.30150693E-03,-5.52939693E-03
+41.50000E-06,-341.70853902E-03,-5.52939693E-03
+41.52500E-06,-120.60301372E-03,+380.15074E-06
+41.55000E-06,+160.80401838E-03,+380.15074E-06
+41.57500E-06,+160.80401838E-03,-1.58969848E-03
+41.60000E-06,-221.10552530E-03,-3.55954771E-03
+41.62500E-06,-321.60803676E-03,+380.15074E-06
+41.65000E-06,+120.60301385E-03,+2.34999997E-03
+41.67500E-06,+261.30652983E-03,+380.15074E-06
+41.70000E-06,-120.60301385E-03,+380.15074E-06
+41.72500E-06,-402.01004595E-03,-3.55954771E-03
+41.75000E-06,-120.60301371E-03,-5.52939693E-03
+41.77500E-06,+301.50753449E-03,-3.55954771E-03
+41.80000E-06,+160.80401838E-03,-5.52939693E-03
+41.82500E-06,-361.80904142E-03,+380.15074E-06
+41.85000E-06,-261.30652983E-03,+380.15074E-06
+41.87500E-06,+80.40200919E-03,+2.34999997E-03
+41.90000E-06,+261.30652983E-03,+380.15074E-06
+41.92500E-06,-120.60301385E-03,-3.55954771E-03
+41.95000E-06,-402.01004595E-03,+380.15074E-06
+41.97500E-06,-40.20100452E-03,+2.34999997E-03
+42.00000E-06,+381.90954368E-03,-5.52939693E-03
+42.02500E-06,+120.60301371E-03,-3.55954771E-03
+42.05000E-06,-381.90954368E-03,+380.15074E-06
+42.07500E-06,-321.60803676E-03,+2.34999997E-03
+42.10000E-06,+281.40703223E-03,-3.55954771E-03
+42.12500E-06,+341.70853902E-03,+2.34999997E-03
+42.15000E-06,-221.10552531E-03,+380.15074E-06
+42.17500E-06,-482.41205513E-03,+2.34999997E-03
+42.20000E-06,+40.20100467E-03,-3.55954771E-03
+42.22500E-06,+402.01004595E-03,-7.49924616E-03
+42.25000E-06,+40.20100452E-03,+2.34999997E-03
+42.27500E-06,-462.31155287E-03,+2.34999997E-03
+42.30000E-06,-281.40703209E-03,+2.34999997E-03
+42.32500E-06,+361.80904142E-03,+2.34999997E-03
+42.35000E-06,+281.40703209E-03,+380.15074E-06
+42.37500E-06,-281.40703223E-03,+2.34999997E-03
+42.40000E-06,-562.81406432E-03,-3.55954771E-03
+42.42500E-06,+60.30150693E-03,-5.52939693E-03
+42.45000E-06,+422.11054821E-03,-3.55954771E-03
+42.47500E-06,-100.50251160E-03,+2.34999997E-03
+42.50000E-06,-562.81406432E-03,+2.34999997E-03
+42.52500E-06,-201.00502290E-03,-3.55954771E-03
+42.55000E-06,+381.90954368E-03,+380.15074E-06
+42.57500E-06,+261.30652983E-03,+2.34999997E-03
+42.60000E-06,-381.90954368E-03,-3.55954771E-03
+42.62500E-06,-502.51255740E-03,-5.52939693E-03
+42.65000E-06,+140.70351612E-03,+380.15074E-06
+42.67500E-06,+482.41205513E-03,-5.52939693E-03
+42.70000E-06,-140.70351612E-03,+380.15074E-06
+42.72500E-06,-562.81406432E-03,+380.15074E-06
+42.75000E-06,-140.70351597E-03,+380.15074E-06
+42.77500E-06,+522.61305980E-03,-3.55954771E-03
+42.80000E-06,+201.00502290E-03,-5.52939693E-03
+42.82500E-06,-482.41205513E-03,-5.52939693E-03
+42.85000E-06,-502.51255740E-03,+380.15074E-06
+42.87500E-06,+281.40703224E-03,-3.55954771E-03
+42.90000E-06,+542.71356206E-03,-5.52939693E-03
+42.92500E-06,-180.90452079E-03,+2.34999997E-03
+42.95000E-06,-703.51758044E-03,+380.15074E-06
+42.97500E-06,-60.30150678E-03,-3.55954771E-03
+43.00000E-06,+623.11557125E-03,-11.43894461E-03
+43.02500E-06,+140.70351597E-03,+380.15074E-06
+43.05000E-06,-623.11557125E-03,+380.15074E-06
+43.07500E-06,-502.51255739E-03,-3.55954771E-03
+43.10000E-06,+381.90954369E-03,+380.15074E-06
+43.12500E-06,+522.61305965E-03,+380.15074E-06
+43.15000E-06,-341.70853917E-03,+2.34999997E-03
+43.17500E-06,-663.31657577E-03,-3.55954771E-03
+43.20000E-06,+20.10050241E-03,-3.55954771E-03
+43.22500E-06,+643.21607351E-03,+380.15074E-06
+43.25000E-06,+80.40200904E-03,+2.34999997E-03
+43.27500E-06,-783.91958963E-03,-3.55954771E-03
+43.30000E-06,-442.21105046E-03,-3.55954771E-03
+43.32500E-06,+582.91456673E-03,+380.15074E-06
+43.35000E-06,+522.61305965E-03,-5.52939693E-03
+43.37500E-06,-442.21105062E-03,-3.55954771E-03
+43.40000E-06,-683.41707803E-03,-3.55954771E-03
+43.42500E-06,+180.90452079E-03,-5.52939693E-03
+43.45000E-06,+723.61808270E-03,+380.15074E-06
+43.47500E-06,-80.40200934E-03,-3.55954771E-03
+43.50000E-06,-864.32159882E-03,+380.15074E-06
+43.52500E-06,-321.60803660E-03,-5.52939693E-03
+43.55000E-06,+623.11557125E-03,-5.52939693E-03
+43.57500E-06,+502.51255739E-03,+2.34999997E-03
+43.60000E-06,-603.01506900E-03,-5.52939693E-03
+43.62500E-06,-743.71858496E-03,-5.52939693E-03
+43.65000E-06,+341.70853917E-03,-3.55954771E-03
+43.67500E-06,+743.71858496E-03,+2.34999997E-03
+43.70000E-06,-180.90452079E-03,+2.34999997E-03
+43.72500E-06,-884.42210108E-03,-3.55954771E-03
+43.75000E-06,-160.80401822E-03,+2.34999997E-03
+43.77500E-06,+864.32159882E-03,-5.52939693E-03
+43.80000E-06,+361.80904127E-03,-3.55954771E-03
+43.82500E-06,-763.81908737E-03,+380.15074E-06
+43.85000E-06,-723.61808255E-03,-5.52939693E-03
+43.87500E-06,+442.21105062E-03,-3.55954771E-03
+43.90000E-06,+804.02009189E-03,-5.52939693E-03
+43.92500E-06,-321.60803691E-03,-3.55954771E-03
+43.95000E-06,-964.82411027E-03,+2.34999997E-03
+43.97500E-06,-80.40200903E-03,+2.34999997E-03
+44.00000E-06,+924.62310575E-03,-5.52939693E-03
+44.02500E-06,+241.20602741E-03,+380.15074E-06
+44.05000E-06,-924.62310575E-03,+2.34999997E-03
+44.07500E-06,-683.41707803E-03,+2.34999997E-03
+44.10000E-06,+643.21607367E-03,+2.34999997E-03
+44.12500E-06,+783.91958948E-03,-3.55954771E-03
+44.15000E-06,-502.51255755E-03,-5.52939693E-03
+44.17500E-06,-984.92461253E-03,-3.55954771E-03
+44.20000E-06,+100.50251160E-03,-3.55954771E-03
+44.22500E-06,+984.92461253E-03,-1.58969848E-03
+44.25000E-06,+80.40200903E-03,-3.55954771E-03
+44.27500E-06,-1.02512561720E+00,+2.34999997E-03
+44.30000E-06,-562.81406416E-03,-5.52939693E-03
+44.32500E-06,+824.12059431E-03,-3.55954771E-03
+44.35000E-06,+763.81908722E-03,-5.52939693E-03
+44.37500E-06,-663.31657593E-03,+2.34999997E-03
+44.40000E-06,-1.06532662172E+00,-3.55954771E-03
+44.42500E-06,+321.60803692E-03,-1.58969848E-03
+44.45000E-06,+1.06532662172E+00,+380.15074E-06
+44.47500E-06,-60.30150709E-03,+2.34999997E-03
+44.50000E-06,-1.24623114251E+00,+2.34999997E-03
+44.52500E-06,-402.01004579E-03,+2.34999997E-03
+44.55000E-06,+1.00502511494E+00,+380.15074E-06
+44.57500E-06,+643.21607335E-03,+380.15074E-06
+44.60000E-06,-884.42210124E-03,-5.52939693E-03
+44.62500E-06,-1.00502511478E+00,+380.15074E-06
+44.65000E-06,+482.41205530E-03,+2.34999997E-03
+44.67500E-06,+1.14572863090E+00,-3.55954771E-03
+44.70000E-06,-241.20602773E-03,+2.34999997E-03
+44.72500E-06,-1.28643214703E+00,-3.55954771E-03
+44.75000E-06,-180.90452047E-03,+2.34999997E-03
+44.77500E-06,+1.16582913332E+00,-3.55954771E-03
+44.80000E-06,+562.81406416E-03,-5.52939693E-03
+44.82500E-06,-1.14572863107E+00,+380.15074E-06
+44.85000E-06,-964.82411011E-03,+2.34999997E-03
+44.87500E-06,+723.61808287E-03,-3.55954771E-03
+44.90000E-06,+1.08542712397E+00,+2.34999997E-03
+44.92500E-06,-462.31155304E-03,-3.55954771E-03
+44.95000E-06,-1.36683415622E+00,+2.34999997E-03
+44.97500E-06,-20.10050209E-03,-3.55954771E-03
+45.00000E-06,+1.32663315170E+00,-5.52939693E-03
+45.02500E-06,+341.70853885E-03,-5.52939693E-03
+45.05000E-06,-1.30653264945E+00,+8.25954765E-03
+45.07500E-06,-864.32159866E-03,+2.34999997E-03
+45.10000E-06,+964.82411043E-03,-3.55954771E-03
+45.12500E-06,+1.16582913316E+00,-5.52939693E-03
+45.15000E-06,-703.51758061E-03,+2.34999997E-03
+45.17500E-06,-1.40703516073E+00,+2.34999997E-03
+45.20000E-06,+261.30653016E-03,-5.52939693E-03
+45.22500E-06,+1.38693465847E+00,-5.52939693E-03
+45.25000E-06,+180.90452047E-03,-5.52939693E-03
+45.27500E-06,-1.46733666783E+00,+2.34999997E-03
+45.30000E-06,-743.71858479E-03,+380.15075E-06
+45.32500E-06,+1.20603013800E+00,-5.52939693E-03
+45.35000E-06,+984.92461236E-03,-5.52939693E-03
+45.37500E-06,-944.72360818E-03,+2.34999997E-03
+45.40000E-06,-1.34673365379E+00,-3.55954771E-03
+45.42500E-06,+462.31155305E-03,-5.52939693E-03
+45.45000E-06,+1.50753767234E+00,+380.15075E-06
+45.47500E-06,-120.60301404E-03,-3.55954771E-03
+45.50000E-06,-1.64824118846E+00,+2.34999997E-03
+45.52500E-06,-442.21105029E-03,-3.55954771E-03
+45.55000E-06,+1.44723616557E+00,+380.15075E-06
+45.57500E-06,+904.52260317E-03,+2.34999997E-03
+45.60000E-06,-1.20603013801E+00,-5.52939693E-03
+45.62500E-06,-1.36683415605E+00,+380.15075E-06
+45.65000E-06,+703.51758062E-03,-3.55954771E-03
+45.67500E-06,+1.54773867685E+00,+2.34999997E-03
+45.70000E-06,-361.80904161E-03,+2.34999997E-03
+45.72500E-06,-1.68844219297E+00,+2.34999997E-03
+45.75000E-06,-221.10552497E-03,+380.15075E-06
+45.77500E-06,+1.56783917927E+00,+2.34999997E-03
+45.80000E-06,+683.41707785E-03,-3.55954771E-03
+45.82500E-06,-1.42713566332E+00,+380.15075E-06
+45.85000E-06,-1.28643214686E+00,+2.34999997E-03
+45.87500E-06,+1.02512561737E+00,-3.55954771E-03
+45.90000E-06,+1.56783917910E+00,+2.34999997E-03
+45.92500E-06,-603.01506918E-03,+380.15075E-06
+45.95000E-06,-1.76884420216E+00,+2.34999997E-03
+45.97500E-06,+20.10050260E-03,+2.34999997E-03
+46.00000E-06,+1.74874369991E+00,-5.52939693E-03
+46.02500E-06,+462.31155254E-03,-7.49924616E-03
+46.05000E-06,-1.62814068621E+00,+2.34999997E-03
+46.07500E-06,-1.06532662154E+00,+2.34999997E-03
+46.10000E-06,+1.26633164495E+00,-5.52939693E-03
+46.12500E-06,+1.44723616523E+00,-5.52939693E-03
+46.15000E-06,-904.52260368E-03,+380.15075E-06
+46.17500E-06,-1.80904520667E+00,-3.55954771E-03
+46.20000E-06,+341.70853936E-03,-5.52939693E-03
+46.22500E-06,+1.78894470441E+00,-5.52939693E-03
+46.25000E-06,+140.70351578E-03,+2.34999997E-03
+46.27500E-06,-1.92964822071E+00,+2.34999997E-03
+46.30000E-06,-924.62310541E-03,+2.34999997E-03
+46.32500E-06,+1.60804018396E+00,-3.55954771E-03
+46.35000E-06,+1.30653264910E+00,-5.52939693E-03
+46.37500E-06,-1.24623114269E+00,+2.34999997E-03
+46.40000E-06,-1.74874369973E+00,-3.55954771E-03
+46.42500E-06,+663.31657612E-03,-5.52939693E-03
+46.45000E-06,+1.88944721586E+00,-5.52939693E-03
+46.47500E-06,-160.80401873E-03,-3.55954771E-03
+46.50000E-06,-2.07035173666E+00,+2.34999997E-03
+46.52500E-06,-562.81406397E-03,-3.55954771E-03
+46.55000E-06,+1.84924621153E+00,-1.58969848E-03
+46.57500E-06,+1.10552762604E+00,-5.52939693E-03
+46.60000E-06,-1.56783917945E+00,-5.52939693E-03
+46.62500E-06,-1.68844219280E+00,+2.34999997E-03
+46.65000E-06,+1.04522611981E+00,-3.55954771E-03
+46.67500E-06,+1.90954771811E+00,-5.52939693E-03
+46.70000E-06,-402.01004630E-03,-5.52939693E-03
+46.72500E-06,-2.09045223892E+00,+2.34999997E-03
+46.75000E-06,-301.50753415E-03,+380.15075E-06
+46.77500E-06,+2.03015073216E+00,-5.52939693E-03
+46.80000E-06,+864.32159847E-03,-3.55954771E-03
+46.82500E-06,-1.88944721621E+00,+380.15075E-06
+46.85000E-06,-1.48743716973E+00,+380.15075E-06
+46.87500E-06,+1.32663315189E+00,+2.34999997E-03
+46.90000E-06,+1.84924621117E+00,-5.52939693E-03
+46.92500E-06,-864.32159919E-03,-5.52939693E-03
+46.95000E-06,-2.27135675955E+00,+2.34999997E-03
+46.97500E-06,+80.40200955E-03,+2.34999997E-03
+47.00000E-06,+2.21105525279E+00,-5.52939693E-03
+47.02500E-06,+522.61305928E-03,-5.52939693E-03
+47.05000E-06,-2.01005022991E+00,+4.31984919E-03
+47.07500E-06,-1.26633164441E+00,+2.34999997E-03
+47.10000E-06,+1.64824118865E+00,-3.55954771E-03
+47.12500E-06,+1.70854269504E+00,-3.55954771E-03
+47.15000E-06,-1.18592963595E+00,+380.15075E-06
+47.17500E-06,-2.21105525261E+00,+2.34999997E-03
+47.20000E-06,+482.41205550E-03,-3.55954771E-03
+47.22500E-06,+2.27135675955E+00,-7.49924616E-03
+47.25000E-06,+180.90452026E-03,+380.15075E-06
+47.27500E-06,-2.35175876892E+00,+2.34999997E-03
+47.30000E-06,-984.92461216E-03,+2.34999997E-03
+47.32500E-06,+1.98994972766E+00,-3.55954771E-03
+47.35000E-06,+1.50753767198E+00,-7.49924616E-03
+47.37500E-06,-1.54773867721E+00,-3.55954771E-03
+47.40000E-06,-2.11055274099E+00,-3.55954771E-03
+47.42500E-06,+783.91959001E-03,-5.52939693E-03
+47.45000E-06,+2.29145726180E+00,-5.52939693E-03
+47.47500E-06,-201.00502343E-03,+380.15075E-06
+47.50000E-06,-2.53266328955E+00,+2.34999997E-03
+47.52500E-06,-663.31657540E-03,-1.58969849E-03
+47.55000E-06,+2.17085424829E+00,+380.15075E-06
+47.57500E-06,+1.20603013747E+00,-5.52939693E-03
+47.60000E-06,-1.88944721622E+00,-5.52939693E-03
+47.62500E-06,-1.94974872261E+00,+2.34999997E-03
+47.65000E-06,+1.26633164514E+00,-3.55954771E-03
+47.67500E-06,+2.31155776405E+00,-5.52939693E-03
+47.70000E-06,-623.11557163E-03,-3.55954771E-03
+47.72500E-06,-2.51256278711E+00,+2.34999997E-03
+47.75000E-06,-261.30652945E-03,+380.15075E-06
+47.77500E-06,+2.49246228505E+00,-5.52939693E-03
+47.80000E-06,+964.82410990E-03,-9.46909539E-03
+47.82500E-06,-2.21105525298E+00,+380.15075E-06
+47.85000E-06,-1.68844219260E+00,+2.34999997E-03
+47.87500E-06,+1.62814068641E+00,-3.55954771E-03
+47.90000E-06,+2.25125625711E+00,-3.55954771E-03
+47.92500E-06,-964.82411064E-03,-5.52939693E-03
+47.95000E-06,-2.59296479630E+00,+2.34999997E-03
+47.97500E-06,+261.30653038E-03,+2.34999997E-03
+48.00000E-06,+2.55276379180E+00,-5.52939693E-03
+48.02500E-06,+603.01506845E-03,-7.49924615E-03
+48.05000E-06,-2.49246228505E+00,+8.25954765E-03
+48.07500E-06,-1.44723616503E+00,+2.34999997E-03
+48.10000E-06,+1.94974872317E+00,+2.34999997E-03
+48.12500E-06,+1.96984922485E+00,-5.52939693E-03
+48.15000E-06,-1.42713566353E+00,+6.28969843E-03
+48.17500E-06,-2.63316580080E+00,-3.55954771E-03
+48.20000E-06,+663.31657633E-03,-3.55954771E-03
+48.22500E-06,+2.67336680549E+00,-1.58969847E-03
+48.25000E-06,+120.60301331E-03,+380.15075E-06
+48.27500E-06,-2.67336680568E+00,+2.34999997E-03
+48.30000E-06,-1.08542712358E+00,+8.25954765E-03
+48.32500E-06,+2.29145726218E+00,-3.55954771E-03
+48.35000E-06,+1.68844219259E+00,+380.15075E-06
+48.37500E-06,-1.84924621173E+00,+2.34999997E-03
+48.40000E-06,-2.41206027548E+00,-3.55954771E-03
+48.42500E-06,+1.00502511534E+00,+380.15075E-06
+48.45000E-06,+2.67336680549E+00,-7.49924615E-03
+48.47500E-06,-341.70853958E-03,+2.34999997E-03
+48.50000E-06,-2.85427132631E+00,+2.34999997E-03
+48.52500E-06,-623.11557069E-03,+2.34999997E-03
+48.55000E-06,+2.55276379199E+00,-5.52939693E-03
+48.57500E-06,+1.38693465808E+00,+2.34999997E-03
+48.60000E-06,-2.19095475074E+00,-3.55954771E-03
+48.62500E-06,-2.19095475016E+00,+380.15075E-06
+48.65000E-06,+1.42713566354E+00,-3.55954771E-03
+48.67500E-06,+2.51256278692E+00,-7.49924615E-03
+48.70000E-06,-763.81908778E-03,+2.34999997E-03
+48.72500E-06,-2.87437182856E+00,+2.34999997E-03
+48.75000E-06,-221.10552474E-03,-5.52939693E-03
+48.77500E-06,+2.73366831262E+00,-3.55954771E-03
+48.80000E-06,+944.72360744E-03,-9.46909539E-03
+48.82500E-06,-2.51256278750E+00,+380.15075E-06
+48.85000E-06,-1.86934671321E+00,+2.34999997E-03
+48.87500E-06,+1.84924621174E+00,-3.55954771E-03
+48.90000E-06,+2.35175876854E+00,-5.52939693E-03
+48.92500E-06,-1.16582913373E+00,+380.15075E-06
+48.95000E-06,-2.85427132612E+00,+4.31984919E-03
+48.97500E-06,+261.30653040E-03,+2.34999997E-03
+49.00000E-06,+2.79396981937E+00,-5.52939693E-03
+49.02500E-06,+542.71356149E-03,-5.52939693E-03
+49.05000E-06,-2.77386931732E+00,+8.25954765E-03
+49.07500E-06,-1.58793968114E+00,+8.25954765E-03
+49.10000E-06,+2.19095475075E+00,-5.52939693E-03
+49.12500E-06,+2.13065324322E+00,+380.15075E-06
+49.15000E-06,-1.62814068662E+00,-5.52939693E-03
+49.17500E-06,-2.71356780998E+00,+2.34999997E-03
+49.20000E-06,+743.71858554E-03,-3.55954771E-03
+49.22500E-06,+2.87437182856E+00,-5.52939693E-03
+49.25000E-06,+120.60301329E-03,-11.43894461E-03
+49.27500E-06,-2.97487434020E+00,+2.34999997E-03
+49.30000E-06,-1.04522611887E+00,+2.34999997E-03
+49.32500E-06,+2.45226128057E+00,-5.52939693E-03
+49.35000E-06,+1.78894470401E+00,-5.52939693E-03
+49.37500E-06,-1.98994972788E+00,+2.34999997E-03
+49.40000E-06,-2.45226127997E+00,-3.55954771E-03
+49.42500E-06,+1.16582913374E+00,+380.15075E-06
+49.45000E-06,+2.83417082387E+00,-5.52939693E-03
+49.47500E-06,-402.01004655E-03,-5.52939693E-03
+49.50000E-06,-3.03517584694E+00,+2.34999997E-03
+49.52500E-06,-623.11557067E-03,+4.31984919E-03
+49.55000E-06,+2.71356781038E+00,+380.15075E-06
+49.57500E-06,+1.38693465806E+00,+2.34999997E-03
+49.60000E-06,-2.33165826688E+00,+2.34999997E-03
+49.62500E-06,-2.23115575465E+00,+2.34999997E-03
+49.65000E-06,+1.58793968194E+00,+380.15075E-06
+49.67500E-06,+2.59296479610E+00,-5.52939693E-03
+49.70000E-06,-904.52260393E-03,-3.55954771E-03
+49.72500E-06,-2.99497484224E+00,+2.34999997E-03
+49.75000E-06,-160.80401777E-03,+2.34999997E-03
+49.77500E-06,+2.83417082407E+00,-3.55954771E-03
+49.80000E-06,+1.00502511436E+00,-11.43894461E-03
+49.82500E-06,-2.61306529895E+00,+380.15075E-06
+49.85000E-06,-1.86934671319E+00,+2.34999997E-03
+49.87500E-06,+1.98994972789E+00,+2.34999997E-03
+49.90000E-06,+2.45226127996E+00,-5.52939693E-03
+49.92500E-06,-1.24623114294E+00,+2.34999997E-03
+49.95000E-06,-2.91457283306E+00,+2.34999997E-03
+49.97500E-06,+281.40703267E-03,+2.34999997E-03
+50.00000E-06,+2.93467333550E+00,-11.43894461E-03
+50.02500E-06,+542.71356147E-03,-5.52939693E-03
+50.05000E-06,-2.81407032182E+00,+2.34999997E-03
+50.07500E-06,-1.46733666724E+00,+2.34999997E-03
+50.10000E-06,+2.33165826689E+00,+380.15075E-06
+50.12500E-06,+2.09045223851E+00,-3.55954771E-03
+50.15000E-06,-1.70854269583E+00,+380.15075E-06
+50.17500E-06,-2.67336680528E+00,-3.55954771E-03
+50.20000E-06,+783.91959005E-03,-5.52939693E-03
+50.22500E-06,+2.91457283305E+00,-5.52939693E-03
+50.25000E-06,+60.30150633E-03,+380.15075E-06
+50.27500E-06,-2.97487434020E+00,+4.31984919E-03
+50.30000E-06,-1.02512561660E+00,+2.34999997E-03
+50.32500E-06,+2.59296479671E+00,-5.52939693E-03
+50.35000E-06,+1.70854269481E+00,-1.58969847E-03
+50.37500E-06,-2.09045223933E+00,+2.34999997E-03
+50.40000E-06,-2.51256278690E+00,+2.34999997E-03
+50.42500E-06,+1.22613064070E+00,+380.15075E-06
+50.45000E-06,+2.83417082387E+00,-5.52939693E-03
+50.47500E-06,-482.41205576E-03,+2.34999997E-03
+50.50000E-06,-3.03517584694E+00,+2.34999997E-03
+50.52500E-06,-542.71356145E-03,+2.34999997E-03
+50.55000E-06,+2.73366831264E+00,-7.49924615E-03
+50.57500E-06,+1.32663315110E+00,-5.52939693E-03
+50.60000E-06,-2.33165826690E+00,+2.34999997E-03
+50.62500E-06,-2.23115575463E+00,+380.15075E-06
+50.65000E-06,+1.64824118890E+00,-5.52939693E-03
+50.67500E-06,+2.59296479609E+00,-11.43894461E-03
+50.70000E-06,-924.62310620E-03,+2.34999997E-03
+50.72500E-06,-2.91457283305E+00,+4.31984919E-03
+50.75000E-06,-140.70351551E-03,+380.15075E-06
+50.77500E-06,+2.83417082407E+00,-3.55954771E-03
+50.80000E-06,+864.32159821E-03,-3.55954771E-03
+50.82500E-06,-2.61306529896E+00,+2.34999997E-03
+50.85000E-06,-1.76884420174E+00,+380.15075E-06
+50.87500E-06,+1.98994972790E+00,+2.34999997E-03
+50.90000E-06,+2.29145726157E+00,-3.55954771E-03
+50.92500E-06,-1.24623114296E+00,-3.55954771E-03
+50.95000E-06,-2.85427132611E+00,+2.34999997E-03
+50.97500E-06,+341.70853964E-03,+2.34999997E-03
+51.00000E-06,+2.85427132632E+00,-11.43894462E-03
+51.02500E-06,+462.31155226E-03,-5.52939693E-03
+51.05000E-06,-2.79396981959E+00,+2.34999997E-03
+51.07500E-06,-1.38693465804E+00,+2.34999997E-03
+51.10000E-06,+2.19095475078E+00,-3.55954771E-03
+51.12500E-06,+2.07035173625E+00,-5.52939693E-03
+51.15000E-06,-1.70854269585E+00,+2.34999997E-03
+51.17500E-06,-2.65326630303E+00,+2.34999997E-03
+51.20000E-06,+824.12059477E-03,-3.55954771E-03
+51.22500E-06,+2.69346730773E+00,-5.52939693E-03
+51.25000E-06,-20.10050288E-03,-5.52939693E-03
+51.27500E-06,-2.83417082408E+00,+2.34999997E-03
+51.30000E-06,-944.72360738E-03,+8.25954765E-03
+51.32500E-06,+2.45226128059E+00,-3.55954771E-03
+51.35000E-06,+1.60804018335E+00,-5.52939693E-03
+51.37500E-06,-2.01005023016E+00,+380.15075E-06
+51.40000E-06,-2.35175876851E+00,-3.55954771E-03
+51.42500E-06,+1.18592963602E+00,+380.15075E-06
+51.45000E-06,+2.61306529854E+00,+380.15075E-06
+51.47500E-06,-442.21105108E-03,-5.52939693E-03
+51.50000E-06,-2.87437182857E+00,+4.31984919E-03
+51.52500E-06,-462.31155225E-03,+2.34999997E-03
+51.55000E-06,+2.57286429427E+00,-7.49924615E-03
+51.57500E-06,+1.22613063965E+00,-5.52939693E-03
+51.60000E-06,-2.21105525303E+00,-3.55954771E-03
+51.62500E-06,-1.92964822011E+00,+8.25954765E-03
+51.65000E-06,+1.58793968197E+00,-3.55954771E-03
+51.67500E-06,+2.43216077770E+00,+2.34999997E-03
+51.70000E-06,-864.32159927E-03,+2.34999997E-03
+51.72500E-06,-2.75376881467E+00,+2.34999997E-03
+51.75000E-06,-40.20100405E-03,+2.34999997E-03
+51.77500E-06,+2.67336680570E+00,-5.52939693E-03
+51.80000E-06,+763.81908675E-03,-5.52939693E-03
+51.82500E-06,-2.45226128059E+00,+6.28969843E-03
+51.85000E-06,-1.54773867640E+00,-3.55954771E-03
+51.87500E-06,+1.86934671403E+00,+380.15075E-06
+51.90000E-06,+2.13065324318E+00,-5.52939693E-03
+51.92500E-06,-1.24623114298E+00,-3.55954771E-03
+51.95000E-06,-2.61306529854E+00,+2.34999997E-03
+51.97500E-06,+381.90954414E-03,+2.34999997E-03
+52.00000E-06,+2.63316580100E+00,-9.46909540E-03
+52.02500E-06,+361.80904080E-03,+380.15075E-06
+52.05000E-06,-2.57286429427E+00,+2.34999997E-03
+52.07500E-06,-1.20603013740E+00,+2.34999997E-03
+52.10000E-06,+2.05025123465E+00,-5.52939693E-03
+52.12500E-06,+1.82914570867E+00,-3.55954771E-03
+52.15000E-06,-1.58793968198E+00,+2.34999997E-03
+52.17500E-06,-2.27135675932E+00,+4.31984919E-03
+52.20000E-06,+783.91959009E-03,-9.46909540E-03
+52.22500E-06,+2.49246228486E+00,-7.49924615E-03
+52.25000E-06,-40.20100515E-03,-5.52939693E-03
+52.27500E-06,-2.53266328957E+00,+2.34999997E-03
+52.30000E-06,-763.81908674E-03,+2.34999997E-03
+52.32500E-06,+2.21105525303E+00,-9.46909540E-03
+52.35000E-06,+1.36683415577E+00,+380.15075E-06
+52.37500E-06,-1.78894470485E+00,+2.34999997E-03
+52.40000E-06,-2.11055274094E+00,-3.55954771E-03
+52.42500E-06,+1.10552762685E+00,+380.15075E-06
+52.45000E-06,+2.31155776402E+00,-5.52939693E-03
+52.47500E-06,-462.31155334E-03,+2.34999997E-03
+52.50000E-06,-2.55276379181E+00,+8.25954765E-03
+52.52500E-06,-422.11054774E-03,+2.34999997E-03
+52.55000E-06,+2.27135675976E+00,-5.52939693E-03
+52.57500E-06,+964.82410982E-03,-5.52939693E-03
+52.60000E-06,-2.03015073242E+00,-3.55954771E-03
+52.62500E-06,-1.64824118804E+00,+2.34999997E-03
+52.65000E-06,+1.42713566361E+00,+2.34999997E-03
+52.67500E-06,+2.09045223869E+00,-3.55954771E-03
+52.70000E-06,-804.02009234E-03,+2.34999997E-03
+52.72500E-06,-2.41206027567E+00,+2.34999997E-03
+52.75000E-06,-20.10050179E-03,+2.34999997E-03
+52.77500E-06,+2.27135675976E+00,-5.52939693E-03
+52.80000E-06,+643.21607306E-03,-5.52939693E-03
+52.82500E-06,-2.15075374609E+00,-5.52939693E-03
+52.85000E-06,-1.34673365352E+00,+2.34999997E-03
+52.87500E-06,+1.56783917953E+00,+2.34999997E-03
+52.90000E-06,+1.82914570888E+00,+380.15075E-06
+52.92500E-06,-1.12562812910E+00,-3.55954771E-03
+52.95000E-06,-2.21105525259E+00,+380.15075E-06
+52.97500E-06,+381.90954416E-03,-3.55954771E-03
+53.00000E-06,+2.25125625730E+00,-11.43894462E-03
+53.02500E-06,+201.00502241E-03,-5.52939693E-03
+53.05000E-06,-2.19095475057E+00,+8.25954765E-03
+53.07500E-06,-1.02512561676E+00,+2.34999997E-03
+53.10000E-06,+1.72864319791E+00,-3.55954771E-03
+53.12500E-06,+1.46733666742E+00,-11.43894462E-03
+53.15000E-06,-1.38693465891E+00,+2.34999997E-03
+53.17500E-06,-1.92964822031E+00,+2.34999997E-03
+53.20000E-06,+703.51758092E-03,-5.52939693E-03
+53.22500E-06,+2.03015073197E+00,-7.49924615E-03
+53.25000E-06,-80.40200965E-03,+380.15075E-06
+53.27500E-06,-2.19095475058E+00,+2.34999997E-03
+53.30000E-06,-663.31657529E-03,+2.34999997E-03
+53.32500E-06,+1.86934671382E+00,-9.46909540E-03
+53.35000E-06,+1.16582913290E+00,+380.15075E-06
+53.37500E-06,-1.56783917953E+00,+2.34999997E-03
+53.40000E-06,-1.62814068579E+00,-3.55954771E-03
+53.42500E-06,+904.52260378E-03,+380.15075E-06
+53.45000E-06,+1.88944721583E+00,-11.43894462E-03
+53.47500E-06,-482.41205560E-03,+380.15075E-06
+53.50000E-06,-2.09045223892E+00,+2.34999997E-03
+53.52500E-06,-301.50753405E-03,+2.34999997E-03
+53.55000E-06,+1.80904520687E+00,+380.15075E-06
+53.57500E-06,+844.22109614E-03,+380.15075E-06
+53.60000E-06,-1.60804018401E+00,-3.55954771E-03
+53.62500E-06,-1.38693465822E+00,-3.55954771E-03
+53.65000E-06,+1.16582913359E+00,+380.15075E-06
+53.67500E-06,+1.60804018355E+00,-3.55954772E-03
+53.70000E-06,-683.41707846E-03,+380.15075E-06
+53.72500E-06,-1.92964822054E+00,+4.31984919E-03
+53.75000E-06,+20.10050270E-03,+2.34999997E-03
+53.77500E-06,+1.82914570911E+00,-5.52939693E-03
+53.80000E-06,+462.31155243E-03,-11.43894462E-03
+53.82500E-06,-1.78894470463E+00,+380.15075E-06
+53.85000E-06,-1.08542712370E+00,+2.34999997E-03
+53.87500E-06,+1.34673365421E+00,-3.55954772E-03
+53.90000E-06,+1.38693465822E+00,-5.52939693E-03
+53.92500E-06,-924.62310603E-03,-3.55954772E-03
+53.95000E-06,-1.80904520664E+00,+2.34999997E-03
+53.97500E-06,+341.70853947E-03,+2.34999997E-03
+54.00000E-06,+1.76884420216E+00,-5.52939693E-03
+54.02500E-06,+140.70351567E-03,-5.52939693E-03
+54.05000E-06,-1.72864319768E+00,+2.34999997E-03
+54.07500E-06,-763.81908694E-03,+2.34999997E-03
+54.10000E-06,+1.42713566340E+00,+2.34999997E-03
+54.12500E-06,+1.18592963536E+00,-5.52939693E-03
+54.15000E-06,-1.10552762665E+00,-5.52939693E-03
+54.17500E-06,-1.52763817436E+00,+2.34999997E-03
+54.20000E-06,+603.01506927E-03,-5.52939693E-03
+54.22500E-06,+1.62814068602E+00,-5.52939693E-03
+54.25000E-06,-120.60301414E-03,-5.52939693E-03
+54.27500E-06,-1.74874369992E+00,+2.34999997E-03
+54.30000E-06,-462.31155242E-03,+2.34999997E-03
+54.32500E-06,+1.48743717012E+00,-3.55954772E-03
+54.35000E-06,+884.42210084E-03,+380.15075E-06
+54.37500E-06,-1.26633164503E+00,-3.55954772E-03
+54.40000E-06,-1.28643214679E+00,-3.55954772E-03
+54.42500E-06,+783.91958989E-03,-5.52939693E-03
+54.45000E-06,+1.46733666764E+00,-5.52939693E-03
+54.47500E-06,-442.21105090E-03,+2.34999997E-03
+54.50000E-06,-1.60804018378E+00,+2.34999997E-03
+54.52500E-06,-180.90452038E-03,+2.34999997E-03
+54.55000E-06,+1.40703516093E+00,+380.15075E-06
+54.57500E-06,+582.91456632E-03,-5.52939693E-03
+54.60000E-06,-1.34673365422E+00,-3.55954772E-03
+54.62500E-06,-1.10552762617E+00,-5.52939693E-03
+54.65000E-06,+944.72360827E-03,-5.52939693E-03
+54.67500E-06,+1.24623114231E+00,+380.15075E-06
+54.70000E-06,-623.11557152E-03,+2.34999997E-03
+54.72500E-06,-1.52763817459E+00,+4.31984919E-03
+54.75000E-06,+40.20100496E-03,+2.34999997E-03
+54.77500E-06,+1.36683415622E+00,-5.52939693E-03
+54.80000E-06,+361.80904099E-03,-5.52939693E-03
+54.82500E-06,-1.38693465869E+00,-5.52939693E-03
+54.85000E-06,-884.42210084E-03,-3.55954772E-03
+54.87500E-06,+984.92461275E-03,+2.34999997E-03
+54.90000E-06,+1.02512561698E+00,-3.55954772E-03
+54.92500E-06,-763.81908766E-03,-3.55954772E-03
+54.95000E-06,-1.30653264926E+00,+2.34999997E-03
+54.97500E-06,+221.10552557E-03,+2.34999997E-03
+55.00000E-06,+1.34673365398E+00,-5.52939693E-03
+55.02500E-06,+100.50251118E-03,+380.15075E-06
+55.05000E-06,-1.28643214703E+00,+380.15075E-06
+55.07500E-06,-562.81406408E-03,+4.31984919E-03
+55.10000E-06,+1.10552762665E+00,-5.52939693E-03
+55.12500E-06,+804.02009165E-03,-5.52939693E-03
+55.15000E-06,-884.42210132E-03,+380.15075E-06
+55.17500E-06,-1.10552762617E+00,-3.55954772E-03
+55.20000E-06,+462.31155314E-03,-3.55954772E-03
+55.22500E-06,+1.16582913312E+00,-7.49924615E-03
+55.25000E-06,-140.70351639E-03,-5.52939693E-03
+55.27500E-06,-1.32663315174E+00,+2.34999997E-03
+55.30000E-06,-341.70853875E-03,-5.52939693E-03
+55.32500E-06,+1.08542712418E+00,-5.52939693E-03
+55.35000E-06,+582.91456631E-03,+380.15075E-06
+55.37500E-06,-904.52260356E-03,-3.55954772E-03
+55.40000E-06,-944.72360779E-03,-5.52939693E-03
+55.42500E-06,+582.91456681E-03,-5.52939693E-03
+55.45000E-06,+1.06532662169E+00,+2.34999997E-03
+55.47500E-06,-381.90954396E-03,+2.34999997E-03
+55.50000E-06,-1.20603013784E+00,+380.15075E-06
+55.52500E-06,-160.80401813E-03,-3.55954772E-03
+55.55000E-06,+1.08542712418E+00,+380.15075E-06
+55.57500E-06,+402.01004570E-03,-3.55954772E-03
+55.60000E-06,-1.00502511499E+00,+2.34999997E-03
+55.62500E-06,-783.91958941E-03,+380.15075E-06
+55.65000E-06,+643.21607376E-03,+2.34999997E-03
+55.67500E-06,+864.32159860E-03,-3.55954772E-03
+55.70000E-06,-422.11054843E-03,+2.34999997E-03
+55.72500E-06,-1.06532662169E+00,-3.55954772E-03
+55.75000E-06,+250E-12,+2.34999997E-03
+55.77500E-06,+1.02512561722E+00,-5.52939693E-03
+55.80000E-06,+160.80401813E-03,-3.55954772E-03
+55.82500E-06,-1.00502511499E+00,+380.15075E-06
+55.85000E-06,-542.71356184E-03,+2.34999997E-03
+55.87500E-06,+683.41707823E-03,+4.31984919E-03
+55.90000E-06,+703.51758022E-03,+380.15075E-06
+55.92500E-06,-502.51255762E-03,-3.55954772E-03
+55.95000E-06,-964.82411027E-03,+2.34999997E-03
+55.97500E-06,+160.80401863E-03,+2.34999997E-03
+56.00000E-06,+944.72360803E-03,-3.55954772E-03
+56.02500E-06,+80.40200894E-03,-7.49924615E-03
+56.05000E-06,-944.72360804E-03,+2.34999997E-03
+56.07500E-06,-442.21105041E-03,+2.34999997E-03
+56.10000E-06,+763.81908742E-03,+2.34999997E-03
+56.12500E-06,+542.71356184E-03,-5.52939693E-03
+56.15000E-06,-663.31657600E-03,+2.34999997E-03
+56.17500E-06,-844.22109636E-03,-5.52939693E-03
+56.20000E-06,+321.60803701E-03,-3.55954772E-03
+56.22500E-06,+824.12059413E-03,-5.52939693E-03
+56.25000E-06,-120.60301391E-03,-3.55954772E-03
+56.27500E-06,-984.92461276E-03,+2.34999997E-03
+56.30000E-06,-241.20602731E-03,+2.34999997E-03
+56.32500E-06,+763.81908742E-03,-5.52939693E-03
+56.35000E-06,+381.90954346E-03,+380.15075E-06
+56.37500E-06,-623.11557128E-03,+2.34999997E-03
+56.40000E-06,-683.41707798E-03,-3.55954772E-03
+56.42500E-06,+402.01004620E-03,-5.52939693E-03
+56.45000E-06,+663.31657575E-03,+380.15075E-06
+56.47500E-06,-241.20602782E-03,+2.34999997E-03
+56.50000E-06,-884.42210108E-03,+2.34999997E-03
+56.52500E-06,-140.70351589E-03,-3.55954772E-03
+56.55000E-06,+703.51758047E-03,+2.34999997E-03
+56.57500E-06,+201.00502285E-03,+2.34999997E-03
+56.60000E-06,-683.41707824E-03,-3.55954772E-03
+56.62500E-06,-522.61305960E-03,+380.15075E-06
+56.65000E-06,+442.21105067E-03,+380.15075E-06
+56.67500E-06,+522.61305960E-03,-5.52939693E-03
+56.70000E-06,-361.80904148E-03,+2.34999997E-03
+56.72500E-06,-723.61808270E-03,-3.55954772E-03
+56.75000E-06,+20.10050249E-03,+2.34999997E-03
+56.77500E-06,+703.51758047E-03,+2.34999997E-03
+56.80000E-06,+120.60301365E-03,-3.55954772E-03
+56.82500E-06,-703.51758047E-03,+380.15075E-06
+56.85000E-06,-361.80904122E-03,+2.34999997E-03
+56.87500E-06,+381.90954371E-03,-3.55954772E-03
+56.90000E-06,+422.11054818E-03,-3.55954772E-03
+56.92500E-06,-361.80904148E-03,-3.55954772E-03
+56.95000E-06,-603.01506879E-03,+380.15075E-06
+56.97500E-06,+100.50251168E-03,-3.55954772E-03
+57.00000E-06,+643.21607351E-03,-11.43894462E-03
+57.02500E-06,-20.10050249E-03,-3.55954772E-03
+57.05000E-06,-643.21607351E-03,-5.52939693E-03
+57.07500E-06,-281.40703203E-03,+2.34999997E-03
+57.10000E-06,+442.21105067E-03,+2.34999997E-03
+57.12500E-06,+361.80904122E-03,-5.52939693E-03
+57.15000E-06,-381.90954371E-03,+380.15075E-06
+57.17500E-06,-522.61305960E-03,+2.34999997E-03
+57.20000E-06,+201.00502310E-03,-5.52939693E-03
+57.22500E-06,+482.41205513E-03,-1.58969847E-03
+57.25000E-06,-120.60301391E-03,+380.15075E-06
+57.27500E-06,-623.11557128E-03,+2.34999997E-03
+57.30000E-06,-140.70351588E-03,+2.34999997E-03
+57.32500E-06,+462.31155290E-03,-3.55954772E-03
+57.35000E-06,+201.00502284E-03,+380.15075E-06
+57.37500E-06,-402.01004595E-03,+2.34999997E-03
+57.40000E-06,-422.11054818E-03,-5.52939693E-03
+57.42500E-06,+221.10552534E-03,-5.52939693E-03
+57.45000E-06,+482.41205513E-03,+2.34999997E-03
+57.47500E-06,-201.00502310E-03,-3.55954772E-03
+57.50000E-06,-502.51255737E-03,+2.34999997E-03
+57.52500E-06,-40.20100446E-03,+2.34999997E-03
+57.55000E-06,+482.41205513E-03,-5.52939693E-03
+57.57500E-06,+160.80401838E-03,-3.55954772E-03
+57.60000E-06,-442.21105067E-03,-3.55954772E-03
+57.62500E-06,-361.80904122E-03,-5.52939693E-03
+57.65000E-06,+301.50753453E-03,-5.52939693E-03
+57.67500E-06,+301.50753426E-03,+2.34999997E-03
+57.70000E-06,-281.40703229E-03,+2.34999997E-03
+57.72500E-06,-482.41205513E-03,+380.15075E-06
+57.75000E-06,-20.10050223E-03,-5.52939693E-03
+57.77500E-06,+402.01004595E-03,+2.34999997E-03
+57.80000E-06,+40.20100446E-03,-5.52939693E-03
+57.82500E-06,-402.01004595E-03,+380.15075E-06
+57.85000E-06,-261.30652980E-03,+380.15075E-06
+57.87500E-06,+321.60803676E-03,+2.34999997E-03
+57.90000E-06,+241.20602757E-03,-3.55954772E-03
+57.92500E-06,-281.40703230E-03,-5.52939693E-03
+57.95000E-06,-402.01004595E-03,+380.15075E-06
+57.97500E-06,+60.30150696E-03,+2.34999997E-03
+58.00000E-06,+341.70853899E-03,-5.52939693E-03
+58.02500E-06,-40.20100473E-03,-5.52939693E-03
+58.05000E-06,-462.31155290E-03,-3.55954772E-03
+58.07500E-06,-241.20602757E-03,+380.15075E-06
+58.10000E-06,+301.50753453E-03,+380.15075E-06
+58.12500E-06,+261.30652980E-03,+2.34999997E-03
+58.15000E-06,-301.50753453E-03,+380.15075E-06
+58.17500E-06,-341.70853899E-03,+2.34999997E-03
+58.20000E-06,+60.30150696E-03,-3.55954772E-03
+58.22500E-06,+261.30652980E-03,+380.15075E-06
+58.25000E-06,+0.0E+00,-5.52939693E-03
+58.27500E-06,-402.01004595E-03,+2.34999997E-03
+58.30000E-06,-100.50251142E-03,+2.34999997E-03
+58.32500E-06,+301.50753453E-03,-5.52939693E-03
+58.35000E-06,+160.80401838E-03,+2.34999997E-03
+58.37500E-06,-241.20602757E-03,-3.55954772E-03
+58.40000E-06,-341.70853899E-03,-3.55954772E-03
+58.42500E-06,+140.70351615E-03,+380.15075E-06
+58.45000E-06,+180.90452061E-03,+2.34999997E-03
+58.47500E-06,-201.00502311E-03,-5.52939693E-03
+58.50000E-06,-341.70853899E-03,+2.34999997E-03
+58.52500E-06,-20.10050223E-03,+2.34999997E-03
+58.55000E-06,+241.20602757E-03,+380.15075E-06
+58.57500E-06,+80.40200919E-03,+2.34999997E-03
+58.60000E-06,-301.50753453E-03,-3.55954772E-03
+58.62500E-06,-241.20602757E-03,-5.52939693E-03
+58.65000E-06,+80.40200919E-03,+380.15075E-06
+58.67500E-06,+120.60301365E-03,-3.55954772E-03
+58.70000E-06,-140.70351615E-03,-3.55954772E-03
+58.72500E-06,-301.50753453E-03,-5.52939693E-03
+58.75000E-06,-20.10050223E-03,+380.15075E-06
+58.77500E-06,+261.30652980E-03,+2.34999997E-03
+58.80000E-06,+20.10050223E-03,-5.52939693E-03
+58.82500E-06,-301.50753453E-03,-5.52939693E-03
+58.85000E-06,-180.90452061E-03,+2.34999997E-03
+58.87500E-06,+80.40200919E-03,-3.55954772E-03
+58.90000E-06,+100.50251142E-03,+2.34999997E-03
+58.92500E-06,-140.70351615E-03,-5.52939693E-03
+58.95000E-06,-301.50753453E-03,+380.15075E-06
+58.97500E-06,-20.10050223E-03,+2.34999997E-03
+59.00000E-06,+160.80401838E-03,-3.55954772E-03
+59.02500E-06,-40.20100473E-03,-5.52939693E-03
+59.05000E-06,-241.20602757E-03,+2.34999997E-03
+59.07500E-06,-160.80401838E-03,+2.34999997E-03
+59.10000E-06,+140.70351615E-03,+380.15075E-06
+59.12500E-06,+100.50251142E-03,+2.34999997E-03
+59.15000E-06,-160.80401838E-03,+2.34999997E-03
+59.17500E-06,-241.20602757E-03,+2.34999997E-03
+59.20000E-06,+140.70351615E-03,-5.52939693E-03
+59.22500E-06,+160.80401838E-03,-1.58969847E-03
+59.25000E-06,-60.30150696E-03,+2.34999997E-03
+59.27500E-06,-301.50753453E-03,-3.55954772E-03
+59.30000E-06,-100.50251142E-03,+380.15075E-06
+59.32500E-06,+140.70351615E-03,-5.52939693E-03
+59.35000E-06,+0.0E+00,-5.52939693E-03
+59.37500E-06,-160.80401838E-03,-5.52939693E-03
+59.40000E-06,-180.90452061E-03,-3.55954772E-03
+59.42500E-06,+80.40200919E-03,+380.15075E-06
+59.45000E-06,+100.50251142E-03,+2.34999997E-03
+59.47500E-06,-140.70351615E-03,-3.55954772E-03
+59.50000E-06,-241.20602757E-03,+380.15075E-06
+59.52500E-06,-80.40200919E-03,+2.34999997E-03
+59.55000E-06,+80.40200919E-03,+2.34999997E-03
+59.57500E-06,+0.0E+00,+2.34999997E-03
+59.60000E-06,-221.10552534E-03,-5.52939693E-03
+59.62500E-06,-100.50251142E-03,+2.34999997E-03
+59.65000E-06,+120.60301392E-03,-3.55954772E-03
+59.67500E-06,+20.10050223E-03,-3.55954772E-03
+59.70000E-06,-80.40200919E-03,-5.52939693E-03
+59.72500E-06,-221.10552534E-03,+2.34999997E-03
+59.75000E-06,-60.30150696E-03,+380.15075E-06
+59.77500E-06,+80.40200919E-03,-5.52939693E-03
+59.80000E-06,+0.0E+00,-9.46909540E-03
+59.82500E-06,-221.10552534E-03,-7.49924615E-03
+59.85000E-06,-100.50251142E-03,-3.55954772E-03
+59.87500E-06,+80.40200919E-03,-3.55954772E-03
+59.90000E-06,+60.30150696E-03,+380.15075E-06
+59.92500E-06,-140.70351615E-03,-3.55954772E-03
+59.95000E-06,-160.80401838E-03,+2.34999997E-03
+59.97500E-06,-20.10050223E-03,+2.34999997E-03
+60.00000E-06,+80.40200919E-03,-5.52939693E-03
+60.02500E-06,-20.10050223E-03,-1.58969847E-03
+60.05000E-06,-160.80401838E-03,-3.55954772E-03
+60.07500E-06,-140.70351615E-03,+2.34999997E-03
+60.10000E-06,+60.30150696E-03,+2.34999997E-03
+60.12500E-06,+20.10050223E-03,-3.55954772E-03
+60.15000E-06,-160.80401838E-03,+380.15075E-06
+60.17500E-06,-160.80401838E-03,-3.55954772E-03
+60.20000E-06,+0.0E+00,-9.46909540E-03
+60.22500E-06,+20.10050223E-03,+380.15075E-06
+60.25000E-06,-60.30150696E-03,+380.15075E-06
+60.27500E-06,-160.80401838E-03,+2.34999997E-03
+60.30000E-06,-80.40200919E-03,+2.34999997E-03
+60.32500E-06,+60.30150696E-03,+2.34999997E-03
+60.35000E-06,+20.10050223E-03,-5.52939693E-03
+60.37500E-06,-80.40200919E-03,-3.55954772E-03
+60.40000E-06,-60.30150696E-03,-5.52939693E-03
+60.42500E-06,+0.0E+00,-7.49924615E-03
+60.45000E-06,+0.0E+00,+380.15075E-06
+60.47500E-06,-140.70351615E-03,+2.34999997E-03
+60.50000E-06,-180.90452060E-03,-5.52939693E-03
+60.52500E-06,+0.0E+00,-3.55954772E-03
+60.55000E-06,+60.30150696E-03,+380.15075E-06
+60.57500E-06,+0.0E+00,+2.34999997E-03
+60.60000E-06,-140.70351615E-03,-3.55954772E-03
+60.62500E-06,-80.40200919E-03,+380.15075E-06
+60.65000E-06,+0.0E+00,+380.15075E-06
+60.67500E-06,+20.10050223E-03,+380.15075E-06
+60.70000E-06,-80.40200919E-03,+2.34999997E-03
+60.72500E-06,-80.40200919E-03,-3.55954772E-03
+60.75000E-06,-60.30150696E-03,+380.15075E-06
+60.77500E-06,+60.30150696E-03,-3.55954772E-03
+60.80000E-06,-60.30150696E-03,-11.43894462E-03
+60.82500E-06,-100.50251141E-03,+380.15075E-06
+60.85000E-06,-80.40200919E-03,+2.34999997E-03
+60.87500E-06,-20.10050222E-03,+380.15075E-06
+60.90000E-06,+0.0E+00,-5.52939693E-03
+60.92500E-06,-140.70351615E-03,+2.34999997E-03
+60.95000E-06,-140.70351615E-03,+2.34999997E-03
+60.97500E-06,+0.0E+00,-5.52939693E-03
+61.00000E-06,+0.0E+00,-5.52939693E-03
+61.02500E-06,+0.0E+00,+380.15075E-06
+61.05000E-06,-160.80401838E-03,-5.52939693E-03
+61.07500E-06,-60.30150696E-03,+2.34999997E-03
+61.10000E-06,+60.30150696E-03,-5.52939693E-03
+61.12500E-06,+0.0E+00,-1.58969850E-03
+61.15000E-06,-80.40200919E-03,+380.15075E-06
+61.17500E-06,-100.50251141E-03,+2.34999997E-03
+61.20000E-06,+0.0E+00,-3.55954772E-03
+61.22500E-06,+0.0E+00,-5.52939693E-03
+61.25000E-06,-60.30150696E-03,+380.15075E-06
+61.27500E-06,-60.30150696E-03,-3.55954772E-03
+61.30000E-06,-80.40200919E-03,+380.15075E-06
+61.32500E-06,+60.30150696E-03,+2.34999997E-03
+61.35000E-06,-40.20100474E-03,-3.55954772E-03
+61.37500E-06,-20.10050222E-03,-3.55954772E-03
+61.40000E-06,-80.40200919E-03,-3.55954772E-03
+61.42500E-06,+0.0E+00,-5.52939693E-03
+61.45000E-06,+0.0E+00,+380.15075E-06
+61.47500E-06,-80.40200919E-03,+2.34999997E-03
+61.50000E-06,-80.40200919E-03,+380.15075E-06
+61.52500E-06,-20.10050222E-03,-3.55954772E-03
+61.55000E-06,+0.0E+00,-5.52939693E-03
+61.57500E-06,+0.0E+00,-3.55954772E-03
+61.60000E-06,-80.40200919E-03,-5.52939693E-03
+61.62500E-06,-80.40200919E-03,+2.34999997E-03
+61.65000E-06,+0.0E+00,+2.34999997E-03
+61.67500E-06,-80.40200919E-03,-3.55954772E-03
+61.70000E-06,+0.0E+00,+2.34999997E-03
+61.72500E-06,-20.10050222E-03,-3.55954772E-03
+61.75000E-06,-80.40200919E-03,+2.34999997E-03
+61.77500E-06,-20.10050222E-03,-5.52939693E-03
+61.80000E-06,+0.0E+00,-3.55954772E-03
+61.82500E-06,-80.40200919E-03,+380.15075E-06
+61.85000E-06,+0.0E+00,+380.15075E-06
+61.87500E-06,-60.30150697E-03,-1.58969850E-03
+61.90000E-06,-20.10050222E-03,+2.34999997E-03
+61.92500E-06,-60.30150697E-03,-3.55954772E-03
+61.95000E-06,-160.80401838E-03,-5.52939693E-03
+61.97500E-06,+0.0E+00,+2.34999997E-03
+62.00000E-06,+0.0E+00,-5.52939693E-03
+62.02500E-06,-60.30150697E-03,-5.52939693E-03
+62.05000E-06,-80.40200919E-03,+2.34999997E-03
+62.07500E-06,-140.70351616E-03,+2.34999997E-03
+62.10000E-06,+0.0E+00,+2.34999997E-03
+62.12500E-06,+60.30150697E-03,+2.34999997E-03
+62.15000E-06,-80.40200919E-03,-5.52939693E-03
+62.17500E-06,-20.10050222E-03,-3.55954772E-03
+62.20000E-06,+60.30150697E-03,-5.52939693E-03
+62.22500E-06,+0.0E+00,+380.15075E-06
+62.25000E-06,-80.40200919E-03,+380.15075E-06
+62.27500E-06,-80.40200919E-03,-3.55954772E-03
+62.30000E-06,-100.50251141E-03,+2.34999997E-03
+62.32500E-06,+0.0E+00,-3.55954772E-03
+62.35000E-06,-60.30150697E-03,+380.15075E-06
+62.37500E-06,-60.30150697E-03,+2.34999997E-03
+62.40000E-06,-80.40200919E-03,-11.43894462E-03
+62.42500E-06,-60.30150697E-03,-5.52939693E-03
+62.45000E-06,-20.10050222E-03,+380.15075E-06
+62.47500E-06,-60.30150697E-03,+2.34999997E-03
+62.50000E-06,-80.40200919E-03,-3.55954772E-03
+62.52500E-06,-20.10050222E-03,-3.55954772E-03
+62.55000E-06,-60.30150697E-03,+380.15075E-06
+62.57500E-06,-20.10050222E-03,+2.34999997E-03
+62.60000E-06,-60.30150697E-03,-11.43894462E-03
+62.62500E-06,-20.10050222E-03,-5.52939693E-03
+62.65000E-06,+0.0E+00,+2.34999997E-03
+62.67500E-06,-20.10050222E-03,+2.34999997E-03
+62.70000E-06,+0.0E+00,+2.34999997E-03
+62.72500E-06,-60.30150697E-03,+380.15075E-06
+62.75000E-06,-80.40200919E-03,+380.15075E-06
+62.77500E-06,-20.10050222E-03,-5.52939693E-03
+62.80000E-06,+0.0E+00,-3.55954772E-03
+62.82500E-06,-80.40200919E-03,-5.52939693E-03
+62.85000E-06,-80.40200919E-03,+2.34999997E-03
+62.87500E-06,-80.40200919E-03,-5.52939693E-03
+62.90000E-06,+0.0E+00,+2.34999997E-03
+62.92500E-06,-20.10050222E-03,+380.15075E-06
+62.95000E-06,-60.30150697E-03,-3.55954772E-03
+62.97500E-06,-80.40200919E-03,-3.55954772E-03
+63.00000E-06,+0.0E+00,-3.55954772E-03
+63.02500E-06,+0.0E+00,-5.52939693E-03
+63.05000E-06,-20.10050222E-03,+380.15075E-06
+63.07500E-06,-20.10050222E-03,+2.34999997E-03
+63.10000E-06,-20.10050222E-03,+2.34999997E-03
+63.12500E-06,-60.30150697E-03,+2.34999997E-03
+63.15000E-06,-20.10050222E-03,+2.34999997E-03
+63.17500E-06,-20.10050222E-03,+2.34999997E-03
+63.20000E-06,+0.0E+00,-5.52939693E-03
+63.22500E-06,-60.30150697E-03,-5.52939693E-03
+63.25000E-06,-20.10050222E-03,-3.55954772E-03
+63.27500E-06,-120.60301394E-03,-3.55954772E-03
+63.30000E-06,-60.30150697E-03,+2.34999997E-03
+63.32500E-06,+0.0E+00,-5.52939693E-03
+63.35000E-06,-60.30150697E-03,-5.52939693E-03
+63.37500E-06,-20.10050222E-03,+2.34999997E-03
+63.40000E-06,+0.0E+00,-3.55954772E-03
+63.42500E-06,-60.30150697E-03,-5.52939693E-03
+63.45000E-06,-80.40200919E-03,+380.15075E-06
+63.47500E-06,-80.40200919E-03,+2.34999997E-03
+63.50000E-06,-20.10050222E-03,+2.34999997E-03
+63.52500E-06,-60.30150697E-03,+2.34999997E-03
+63.55000E-06,+0.0E+00,+380.15075E-06
+63.57500E-06,-20.10050222E-03,+380.15075E-06
+63.60000E-06,+0.0E+00,-1.58969850E-03
+63.62500E-06,+0.0E+00,-5.52939693E-03
+63.65000E-06,-60.30150697E-03,-3.55954772E-03
+63.67500E-06,+0.0E+00,+2.34999997E-03
+63.70000E-06,-20.10050222E-03,-5.52939693E-03
+63.72500E-06,-60.30150697E-03,+380.15075E-06
+63.75000E-06,-140.70351616E-03,+380.15075E-06
+63.77500E-06,-60.30150697E-03,-3.55954772E-03
+63.80000E-06,+0.0E+00,-11.43894462E-03
+63.82500E-06,-80.40200919E-03,-5.52939693E-03
+63.85000E-06,-80.40200919E-03,+380.15075E-06
+63.87500E-06,-80.40200919E-03,+2.34999997E-03
+63.90000E-06,-60.30150697E-03,+2.34999997E-03
+63.92500E-06,+0.0E+00,+2.34999997E-03
+63.95000E-06,-80.40200919E-03,+380.15075E-06
+63.97500E-06,+0.0E+00,-3.55954772E-03
+64.00000E-06,+0.0E+00,-11.43894462E-03
+64.02500E-06,-60.30150697E-03,+380.15075E-06
+64.05000E-06,-60.30150697E-03,+380.15075E-06
+64.07500E-06,-80.40200919E-03,-3.55954772E-03
+64.10000E-06,-20.10050222E-03,+2.34999997E-03
+64.12500E-06,+0.0E+00,+2.34999997E-03
+64.15000E-06,+0.0E+00,+380.15075E-06
+64.17500E-06,-20.10050222E-03,-5.52939693E-03
+64.20000E-06,+0.0E+00,-5.52939693E-03
+64.22500E-06,-60.30150697E-03,-5.52939693E-03
+64.25000E-06,-80.40200919E-03,+2.34999997E-03
+64.27500E-06,-120.60301394E-03,+2.34999997E-03
+64.30000E-06,-80.40200919E-03,+2.34999997E-03
+64.32500E-06,-20.10050222E-03,-5.52939693E-03
+64.35000E-06,+0.0E+00,+380.15075E-06
+64.37500E-06,-80.40200919E-03,+2.34999997E-03
+64.40000E-06,+0.0E+00,-11.43894462E-03
+64.42500E-06,+0.0E+00,+380.15075E-06
+64.45000E-06,-20.10050222E-03,+380.15075E-06
+64.47500E-06,-80.40200919E-03,+380.15075E-06
+64.50000E-06,-20.10050222E-03,+2.34999997E-03
+64.52500E-06,+0.0E+00,-3.55954772E-03
+64.55000E-06,-80.40200919E-03,-3.55954772E-03
+64.57500E-06,-20.10050222E-03,+2.34999997E-03
+64.60000E-06,+0.0E+00,-5.52939693E-03
+64.62500E-06,+0.0E+00,-5.52939693E-03
+64.65000E-06,+0.0E+00,-3.55954772E-03
+64.67500E-06,-60.30150697E-03,-5.52939693E-03
+64.70000E-06,+0.0E+00,-3.55954772E-03
+64.72500E-06,-20.10050222E-03,+2.34999997E-03
+64.75000E-06,-60.30150697E-03,+380.15075E-06
+64.77500E-06,+0.0E+00,-3.55954772E-03
+64.80000E-06,-20.10050222E-03,-5.52939693E-03
+64.82500E-06,-20.10050222E-03,-5.52939693E-03
+64.85000E-06,-80.40200919E-03,+380.15075E-06
+64.87500E-06,-60.30150697E-03,+2.34999997E-03
+64.90000E-06,-60.30150697E-03,-5.52939693E-03
+64.92500E-06,+0.0E+00,+2.34999997E-03
+64.95000E-06,-60.30150697E-03,-5.52939693E-03
+64.97500E-06,+0.0E+00,-5.52939693E-03
+65.00000E-06,-20.10050222E-03,-11.43894462E-03
+65.02500E-06,-20.10050222E-03,+380.15075E-06
+65.05000E-06,-80.40200919E-03,-5.52939693E-03
+65.07500E-06,-80.40200919E-03,+2.34999997E-03
+65.10000E-06,-80.40200919E-03,+2.34999997E-03
+65.12500E-06,+0.0E+00,+2.34999997E-03
+65.15000E-06,+0.0E+00,+380.15075E-06
+65.17500E-06,-20.10050222E-03,-5.52939693E-03
+65.20000E-06,+0.0E+00,-3.55954772E-03
+65.22500E-06,-60.30150697E-03,-5.52939693E-03
+65.25000E-06,-80.40200919E-03,+380.15075E-06
+65.27500E-06,-80.40200919E-03,+380.15075E-06
+65.30000E-06,-20.10050222E-03,-3.55954772E-03
+65.32500E-06,-80.40200919E-03,+380.15075E-06
+65.35000E-06,-60.30150697E-03,+2.34999997E-03
+65.37500E-06,-80.40200919E-03,-3.55954772E-03
+65.40000E-06,-60.30150697E-03,-3.55954772E-03
+65.42500E-06,-80.40200919E-03,+380.15075E-06
+65.45000E-06,-20.10050222E-03,+380.15075E-06
+65.47500E-06,-80.40200919E-03,+2.34999997E-03
+65.50000E-06,-40.20100443E-03,+380.15075E-06
+65.52500E-06,-80.40200919E-03,-3.55954772E-03
+65.55000E-06,-80.40200919E-03,-5.52939693E-03
+65.57500E-06,-20.10050222E-03,+2.34999997E-03
+65.60000E-06,-60.30150697E-03,-5.52939693E-03
+65.62500E-06,-80.40200919E-03,-5.52939693E-03
+65.65000E-06,+0.0E+00,-5.52939693E-03
+65.67500E-06,-20.10050222E-03,+2.34999997E-03
+65.70000E-06,-20.10050222E-03,+380.15075E-06
+65.72500E-06,+0.0E+00,+2.34999997E-03
+65.75000E-06,-80.40200919E-03,+380.15075E-06
+65.77500E-06,-20.10050222E-03,-3.55954772E-03
+65.80000E-06,-80.40200919E-03,-5.52939693E-03
+65.82500E-06,-80.40200919E-03,-5.52939693E-03
+65.85000E-06,-80.40200919E-03,+2.34999997E-03
+65.87500E-06,-80.40200919E-03,+2.34999997E-03
+65.90000E-06,-40.20100443E-03,+2.34999997E-03
+65.92500E-06,-20.10050222E-03,-3.55954772E-03
+65.95000E-06,-80.40200919E-03,+380.15075E-06
+65.97500E-06,+0.0E+00,-3.55954772E-03
+66.00000E-06,+0.0E+00,-5.52939693E-03
+66.02500E-06,-20.10050221E-03,+380.15075E-06
+66.05000E-06,-60.30150697E-03,-3.55954772E-03
+66.07500E-06,-80.40200919E-03,+380.15075E-06
+66.10000E-06,-60.30150697E-03,+380.15075E-06
+66.12500E-06,-60.30150697E-03,-5.52939693E-03
+66.15000E-06,-20.10050221E-03,+380.15075E-06
+66.17500E-06,+0.0E+00,-3.55954772E-03
+66.20000E-06,-20.10050221E-03,-5.52939693E-03
+66.22500E-06,-20.10050221E-03,-5.52939693E-03
+66.25000E-06,-20.10050221E-03,-3.55954772E-03
+66.27500E-06,-140.70351616E-03,-3.55954772E-03
+66.30000E-06,-20.10050221E-03,+2.34999997E-03
+66.32500E-06,-60.30150697E-03,-3.55954772E-03
+66.35000E-06,-60.30150697E-03,+380.15075E-06
+66.37500E-06,+0.0E+00,-3.55954772E-03
+66.40000E-06,+0.0E+00,-3.55954772E-03
+66.42500E-06,-80.40200919E-03,-5.52939693E-03
+66.45000E-06,-80.40200919E-03,+2.34999997E-03
+66.47500E-06,-80.40200919E-03,+2.34999997E-03
+66.50000E-06,+0.0E+00,-3.55954772E-03
+66.52500E-06,+0.0E+00,-3.55954772E-03
+66.55000E-06,-140.70351616E-03,-5.52939693E-03
+66.57500E-06,-20.10050221E-03,-5.52939693E-03
+66.60000E-06,+0.0E+00,-5.52939693E-03
+66.62500E-06,+0.0E+00,-7.49924615E-03
+66.65000E-06,-20.10050221E-03,+380.15075E-06
+66.67500E-06,-20.10050221E-03,+2.34999997E-03
+66.70000E-06,-80.40200919E-03,-5.52939693E-03
+66.72500E-06,-80.40200919E-03,+2.34999997E-03
+66.75000E-06,-80.40200919E-03,+380.15075E-06
+66.77500E-06,-20.10050221E-03,+2.34999997E-03
+66.80000E-06,+0.0E+00,-3.55954772E-03
+66.82500E-06,-20.10050221E-03,-5.52939693E-03
+66.85000E-06,-60.30150698E-03,+2.34999997E-03
+66.87500E-06,+0.0E+00,+380.15075E-06
+66.90000E-06,-80.40200919E-03,+8.25954765E-03
+66.92500E-06,-60.30150698E-03,-3.55954772E-03
+66.95000E-06,-80.40200919E-03,+380.15075E-06
+66.97500E-06,-20.10050221E-03,+2.34999997E-03
+67.00000E-06,+0.0E+00,-3.55954772E-03
+67.02500E-06,-20.10050221E-03,-5.52939693E-03
+67.05000E-06,+0.0E+00,+2.34999997E-03
+67.07500E-06,-80.40200919E-03,+380.15075E-06
+67.10000E-06,+0.0E+00,+2.34999997E-03
+67.12500E-06,-60.30150698E-03,-5.52939693E-03
+67.15000E-06,+0.0E+00,-3.55954772E-03
+67.17500E-06,-20.10050221E-03,-5.52939693E-03
+67.20000E-06,-60.30150698E-03,-5.52939693E-03
+67.22500E-06,-60.30150698E-03,-3.55954772E-03
+67.25000E-06,-60.30150698E-03,-5.52939693E-03
+67.27500E-06,-80.40200919E-03,-1.58969847E-03
+67.30000E-06,-20.10050221E-03,-3.55954772E-03
+67.32500E-06,-60.30150698E-03,+380.15075E-06
+67.35000E-06,+0.0E+00,+2.34999997E-03
+67.37500E-06,+0.0E+00,-3.55954772E-03
+67.40000E-06,+60.30150698E-03,-5.52939693E-03
+67.42500E-06,-60.30150698E-03,+380.15075E-06
+67.45000E-06,-80.40200919E-03,-3.55954772E-03
+67.47500E-06,-80.40200919E-03,+2.34999997E-03
+67.50000E-06,-20.10050221E-03,-3.55954772E-03
+67.52500E-06,+0.0E+00,-5.52939693E-03
+67.55000E-06,-60.30150698E-03,+2.34999997E-03
+67.57500E-06,-80.40200919E-03,-3.55954772E-03
+67.60000E-06,-60.30150698E-03,-9.46909540E-03
+67.62500E-06,-60.30150698E-03,-5.52939693E-03
+67.65000E-06,-60.30150698E-03,+380.15075E-06
+67.67500E-06,-100.50251140E-03,+2.34999997E-03
+67.70000E-06,-20.10050221E-03,-5.52939693E-03
+67.72500E-06,-60.30150698E-03,+2.34999997E-03
+67.75000E-06,-80.40200919E-03,+380.15075E-06
+67.77500E-06,-20.10050221E-03,-3.55954772E-03
+67.80000E-06,-60.30150698E-03,-9.46909540E-03
+67.82500E-06,-60.30150698E-03,+380.15075E-06
+67.85000E-06,-80.40200919E-03,-3.55954772E-03
+67.87500E-06,-140.70351617E-03,-5.52939693E-03
+67.90000E-06,-20.10050221E-03,+2.34999997E-03
+67.92500E-06,-20.10050221E-03,-3.55954772E-03
+67.95000E-06,-80.40200919E-03,-5.52939693E-03
+67.97500E-06,-20.10050221E-03,+2.34999997E-03
+68.00000E-06,-20.10050221E-03,-5.52939693E-03
+68.02500E-06,-20.10050221E-03,+380.15075E-06
+68.05000E-06,-60.30150698E-03,+2.34999997E-03
+68.07500E-06,-80.40200919E-03,-5.52939693E-03
+68.10000E-06,-20.10050221E-03,-5.52939693E-03
+68.12500E-06,-80.40200919E-03,-1.58969850E-03
+68.15000E-06,-60.30150698E-03,-5.52939693E-03
+68.17500E-06,+0.0E+00,+2.34999997E-03
+68.20000E-06,+0.0E+00,-3.55954772E-03
+68.22500E-06,-20.10050221E-03,-5.52939693E-03
+68.25000E-06,-20.10050221E-03,+380.15075E-06
+68.27500E-06,-80.40200919E-03,-3.55954772E-03
+68.30000E-06,-20.10050221E-03,+2.34999997E-03
+68.32500E-06,-20.10050221E-03,-3.55954772E-03
+68.35000E-06,-60.30150698E-03,+380.15075E-06
+68.37500E-06,-80.40200919E-03,+2.34999997E-03
+68.40000E-06,+0.0E+00,-3.55954772E-03
+68.42500E-06,-80.40200919E-03,-5.52939693E-03
+68.45000E-06,-80.40200919E-03,+380.15075E-06
+68.47500E-06,-140.70351617E-03,-3.55954772E-03
+68.50000E-06,-20.10050221E-03,+2.34999997E-03
+68.52500E-06,-60.30150698E-03,-3.55954772E-03
+68.55000E-06,-80.40200919E-03,-5.52939693E-03
+68.57500E-06,-20.10050221E-03,+2.34999997E-03
+68.60000E-06,+0.0E+00,-5.52939693E-03
+68.62500E-06,-60.30150698E-03,+380.15075E-06
+68.65000E-06,-60.30150698E-03,+380.15075E-06
+68.67500E-06,-80.40200919E-03,-5.52939693E-03
+68.70000E-06,-20.10050221E-03,+2.34999997E-03
+68.72500E-06,+0.0E+00,+380.15075E-06
+68.75000E-06,+0.0E+00,+2.34999997E-03
+68.77500E-06,-20.10050221E-03,+2.34999997E-03
+68.80000E-06,-60.30150698E-03,-3.55954772E-03
+68.82500E-06,+0.0E+00,+380.15075E-06
+68.85000E-06,-60.30150698E-03,-5.52939693E-03
+68.87500E-06,-80.40200919E-03,+2.34999997E-03
+68.90000E-06,-80.40200919E-03,+2.34999997E-03
+68.92500E-06,-60.30150698E-03,+2.34999997E-03
+68.95000E-06,-80.40200919E-03,+380.15075E-06
+68.97500E-06,-60.30150698E-03,+2.34999997E-03
+69.00000E-06,+0.0E+00,-3.55954772E-03
+69.02500E-06,-80.40200919E-03,+380.15075E-06
+69.05000E-06,-80.40200919E-03,+2.34999997E-03
+69.07500E-06,-20.10050221E-03,+380.15075E-06
+69.10000E-06,-60.30150698E-03,-3.55954772E-03
+69.12500E-06,-60.30150698E-03,-5.52939693E-03
+69.15000E-06,-80.40200919E-03,+380.15075E-06
+69.17500E-06,-20.10050221E-03,-3.55954772E-03
+69.20000E-06,+0.0E+00,-3.55954772E-03
+69.22500E-06,+60.30150698E-03,+380.15075E-06
+69.25000E-06,-80.40200919E-03,+380.15075E-06
+69.27500E-06,-60.30150698E-03,+2.34999997E-03
+69.30000E-06,+0.0E+00,+2.34999997E-03
+69.32500E-06,-80.40200919E-03,-3.55954772E-03
+69.35000E-06,+0.0E+00,-5.52939693E-03
+69.37500E-06,+0.0E+00,-3.55954772E-03
+69.40000E-06,+0.0E+00,-3.55954772E-03
+69.42500E-06,-60.30150698E-03,-7.49924615E-03
+69.45000E-06,-80.40200919E-03,-3.55954772E-03
+69.47500E-06,-60.30150698E-03,+2.34999997E-03
+69.50000E-06,-80.40200919E-03,-3.55954772E-03
+69.52500E-06,-60.30150698E-03,-3.55954772E-03
+69.55000E-06,-80.40200919E-03,+2.34999997E-03
+69.57500E-06,+0.0E+00,-3.55954772E-03
+69.60000E-06,+0.0E+00,-3.55954772E-03
+69.62500E-06,-80.40200919E-03,-7.49924615E-03
+69.65000E-06,+0.0E+00,+2.34999997E-03
+69.67500E-06,+0.0E+00,+2.34999997E-03
+69.70000E-06,-80.40200919E-03,+2.34999997E-03
+69.72500E-06,-60.30150698E-03,-5.52939693E-03
+69.75000E-06,-80.40200919E-03,+2.34999997E-03
+69.77500E-06,+0.0E+00,+2.34999997E-03
+69.80000E-06,+0.0E+00,-3.55954772E-03
+69.82500E-06,-20.10050221E-03,-7.49924615E-03
+69.85000E-06,-80.40200919E-03,+2.34999997E-03
+69.87500E-06,-140.70351617E-03,-3.55954772E-03
+69.90000E-06,-80.40200919E-03,-5.52939693E-03
+69.92500E-06,+0.0E+00,+2.34999997E-03
+69.95000E-06,-80.40200919E-03,-5.52939693E-03
+69.97500E-06,-80.40200919E-03,+2.34999997E-03
+70.00000E-06,+0.0E+00,-5.52939693E-03
+70.02500E-06,+0.0E+00,-7.49924615E-03
+70.05000E-06,-80.40200919E-03,+380.15075E-06
+70.07500E-06,-20.10050221E-03,+2.34999997E-03
+70.10000E-06,+0.0E+00,+2.34999997E-03
+70.12500E-06,+0.0E+00,-3.55954772E-03
+70.15000E-06,-80.40200919E-03,+380.15075E-06
+70.17500E-06,+0.0E+00,-5.52939693E-03
+70.20000E-06,-80.40200919E-03,-5.52939693E-03
+70.22500E-06,-60.30150698E-03,-7.49924615E-03
+70.25000E-06,-20.10050221E-03,+2.34999997E-03
+70.27500E-06,+0.0E+00,+2.34999997E-03
+70.30000E-06,+0.0E+00,-3.55954772E-03
+70.32500E-06,-20.10050221E-03,+2.34999997E-03
+70.35000E-06,-80.40200919E-03,+380.15075E-06
+70.37500E-06,-20.10050221E-03,-5.52939693E-03
+70.40000E-06,+0.0E+00,-5.52939693E-03
+70.42500E-06,-60.30150698E-03,+380.15075E-06
+70.45000E-06,-20.10050221E-03,+2.34999997E-03
+70.47500E-06,-80.40200919E-03,+380.15075E-06
+70.50000E-06,-40.20100441E-03,+380.15075E-06
+70.52500E-06,+0.0E+00,+2.34999997E-03
+70.55000E-06,+0.0E+00,-5.52939693E-03
+70.57500E-06,-20.10050221E-03,+2.34999997E-03
+70.60000E-06,+0.0E+00,-3.55954772E-03
+70.62500E-06,-80.40200919E-03,-7.49924615E-03
+70.65000E-06,-60.30150698E-03,+2.34999997E-03
+70.67500E-06,-120.60301397E-03,+380.15075E-06
+70.70000E-06,-80.40200919E-03,+4.31984918E-03
+70.72500E-06,+0.0E+00,-5.52939693E-03
+70.75000E-06,-20.10050221E-03,+380.15075E-06
+70.77500E-06,-20.10050221E-03,+380.15075E-06
+70.80000E-06,-80.40200919E-03,-5.52939693E-03
+70.82500E-06,-80.40200919E-03,-5.52939693E-03
+70.85000E-06,-60.30150698E-03,+380.15075E-06
+70.87500E-06,-20.10050221E-03,+380.15075E-06
+70.90000E-06,-20.10050220E-03,+380.15075E-06
+70.92500E-06,-60.30150698E-03,-3.55954772E-03
+70.95000E-06,-80.40200919E-03,-5.52939693E-03
+70.97500E-06,-60.30150698E-03,-3.55954772E-03
+71.00000E-06,-60.30150698E-03,-5.52939693E-03
+71.02500E-06,-60.30150698E-03,-5.52939693E-03
+71.05000E-06,-20.10050220E-03,+2.34999997E-03
+71.07500E-06,+0.0E+00,+2.34999997E-03
+71.10000E-06,-40.20100441E-03,+380.15075E-06
+71.12500E-06,-60.30150698E-03,-5.52939693E-03
+71.15000E-06,-80.40200919E-03,+380.15075E-06
+71.17500E-06,+0.0E+00,+2.34999997E-03
+71.20000E-06,-20.10050220E-03,-11.43894462E-03
+71.22500E-06,-80.40200919E-03,-7.49924615E-03
+71.25000E-06,-60.30150698E-03,+2.34999997E-03
+71.27500E-06,-20.10050220E-03,+380.15075E-06
+71.30000E-06,+0.0E+00,+2.34999997E-03
+71.32500E-06,-80.40200919E-03,+2.34999997E-03
+71.35000E-06,-80.40200919E-03,-3.55954772E-03
+71.37500E-06,-60.30150698E-03,+2.34999997E-03
+71.40000E-06,-20.10050220E-03,-5.52939693E-03
+71.42500E-06,-80.40200919E-03,+380.15075E-06
+71.45000E-06,-60.30150698E-03,-5.52939693E-03
+71.47500E-06,-80.40200919E-03,+2.34999997E-03
+71.50000E-06,-20.10050220E-03,+2.34999997E-03
+71.52500E-06,-60.30150699E-03,+2.34999997E-03
+71.55000E-06,-60.30150699E-03,+2.34999997E-03
+71.57500E-06,-60.30150699E-03,+380.15075E-06
+71.60000E-06,-20.10050220E-03,-5.52939693E-03
+71.62500E-06,+0.0E+00,+380.15075E-06
+71.65000E-06,-80.40200919E-03,+2.34999997E-03
+71.67500E-06,-20.10050220E-03,+2.34999997E-03
+71.70000E-06,-20.10050220E-03,+2.34999997E-03
+71.72500E-06,+0.0E+00,-3.55954772E-03
+71.75000E-06,-20.10050220E-03,+380.15075E-06
+71.77500E-06,+0.0E+00,-3.55954772E-03
+71.80000E-06,-60.30150699E-03,-5.52939693E-03
+71.82500E-06,-20.10050220E-03,-5.52939693E-03
+71.85000E-06,-80.40200919E-03,+2.34999997E-03
+71.87500E-06,-80.40200919E-03,+380.15075E-06
+71.90000E-06,-20.10050220E-03,+2.34999997E-03
+71.92500E-06,-60.30150699E-03,+380.15075E-06
+71.95000E-06,-60.30150699E-03,+2.34999997E-03
+71.97500E-06,+0.0E+00,+2.34999997E-03
+72.00000E-06,-60.30150699E-03,-3.55954772E-03
+72.02500E-06,-60.30150699E-03,+380.15075E-06
+72.05000E-06,+0.0E+00,-3.55954772E-03
+72.07500E-06,-80.40200919E-03,+2.34999997E-03
+72.10000E-06,+0.0E+00,+2.34999997E-03
+72.12500E-06,+0.0E+00,-5.52939693E-03
+72.15000E-06,-60.30150699E-03,+2.34999997E-03
+72.17500E-06,-80.40200919E-03,+2.34999997E-03
+72.20000E-06,-80.40200919E-03,-3.55954772E-03
+72.22500E-06,-80.40200919E-03,+380.15075E-06
+72.25000E-06,-80.40200919E-03,-5.52939693E-03
+72.27500E-06,-80.40200919E-03,+380.15075E-06
+72.30000E-06,-20.10050220E-03,+2.34999997E-03
+72.32500E-06,+0.0E+00,-3.55954772E-03
+72.35000E-06,-60.30150699E-03,+380.15075E-06
+72.37500E-06,+0.0E+00,+380.15075E-06
+72.40000E-06,-60.30150699E-03,-3.55954772E-03
+72.42500E-06,-80.40200919E-03,+380.15075E-06
+72.45000E-06,-80.40200919E-03,+2.34999997E-03
+72.47500E-06,+0.0E+00,-5.52939693E-03
+72.50000E-06,-80.40200919E-03,+2.34999997E-03
+72.52500E-06,-80.40200919E-03,+2.34999997E-03
+72.55000E-06,-60.30150699E-03,+2.34999997E-03
+72.57500E-06,-20.10050220E-03,-3.55954772E-03
+72.60000E-06,+0.0E+00,-11.43894462E-03
+72.62500E-06,-80.40200919E-03,+380.15075E-06
+72.65000E-06,-20.10050220E-03,+2.34999997E-03
+72.67500E-06,-60.30150699E-03,-3.55954772E-03
+72.70000E-06,+0.0E+00,-3.55954772E-03
+72.72500E-06,-20.10050220E-03,-3.55954772E-03
+72.75000E-06,-60.30150699E-03,+380.15075E-06
+72.77500E-06,+0.0E+00,-5.52939693E-03
+72.80000E-06,-60.30150699E-03,-3.55954772E-03
+72.82500E-06,-80.40200919E-03,+380.15075E-06
+72.85000E-06,-80.40200919E-03,+2.34999997E-03
+72.87500E-06,-60.30150699E-03,-3.55954772E-03
+72.90000E-06,-40.20100440E-03,+2.34999997E-03
+72.92500E-06,-80.40200919E-03,-3.55954772E-03
+72.95000E-06,-60.30150699E-03,-5.52939693E-03
+72.97500E-06,-60.30150699E-03,+380.15075E-06
+73.00000E-06,+0.0E+00,-5.52939693E-03
+73.02500E-06,+0.0E+00,-5.52939693E-03
+73.05000E-06,-60.30150699E-03,+2.34999997E-03
+73.07500E-06,+0.0E+00,+2.34999997E-03
+73.10000E-06,-80.40200919E-03,+2.34999997E-03
+73.12500E-06,-80.40200919E-03,-3.55954772E-03
+73.15000E-06,-80.40200919E-03,+2.34999997E-03
+73.17500E-06,+0.0E+00,+2.34999997E-03
+73.20000E-06,+0.0E+00,-3.55954772E-03
+73.22500E-06,+0.0E+00,-5.52939693E-03
+73.25000E-06,-80.40200919E-03,+2.34999997E-03
+73.27500E-06,-80.40200919E-03,+2.34999997E-03
+73.30000E-06,+0.0E+00,+2.34999997E-03
+73.32500E-06,-80.40200919E-03,+2.34999997E-03
+73.35000E-06,-80.40200919E-03,-5.52939693E-03
+73.37500E-06,-60.30150699E-03,-5.52939693E-03
+73.40000E-06,-60.30150699E-03,-5.52939693E-03
+73.42500E-06,-60.30150699E-03,-1.58969847E-03
+73.45000E-06,-80.40200919E-03,-3.55954772E-03
+73.47500E-06,-80.40200919E-03,-3.55954772E-03
+73.50000E-06,-80.40200919E-03,-3.55954772E-03
+73.52500E-06,-80.40200919E-03,-3.55954772E-03
+73.55000E-06,-60.30150699E-03,+380.15075E-06
+73.57500E-06,-20.10050220E-03,-3.55954772E-03
+73.60000E-06,+0.0E+00,-5.52939693E-03
+73.62500E-06,-80.40200919E-03,-5.52939693E-03
+73.65000E-06,-20.10050220E-03,+2.34999997E-03
+73.67500E-06,+0.0E+00,+2.34999997E-03
+73.70000E-06,-40.20100440E-03,-3.55954772E-03
+73.72500E-06,+0.0E+00,-3.55954772E-03
+73.75000E-06,-20.10050220E-03,-5.52939693E-03
+73.77500E-06,-20.10050220E-03,-3.55954772E-03
+73.80000E-06,-80.40200919E-03,-3.55954772E-03
+73.82500E-06,-20.10050220E-03,-7.49924615E-03
+73.85000E-06,-80.40200919E-03,+380.15075E-06
+73.87500E-06,-80.40200919E-03,+2.34999997E-03
